<?xml version="1.0" encoding="UTF-8"?>  
<!DOCTYPE generatorConfiguration  
  PUBLIC "-//mybatis.org//DTD MyBatis Generator Configuration 1.0//EN"  
  "http://mybatis.org/dtd/mybatis-generator-config_1_0.dtd">
<generatorConfiguration>
	<!-- 数据库驱动 -->
	<classPathEntry
		location="D:\workspace\maven\apache-maven-3.3.3\repo_hx\mysql\mysql-connector-java\5.1.44\mysql-connector-java-5.1.44.jar" />
	<context id="DB2Tables" targetRuntime="MyBatis3">
		<commentGenerator>
			<property name="suppressDate" value="true" />
			<!-- 是否去除自动生成的注释 true：是 ： false:否 -->
			<property name="suppressAllComments" value="true" />
		</commentGenerator>
		<!--数据库链接URL，用户名、密码 -->
		<jdbcConnection driverClass="com.mysql.jdbc.Driver"
			connectionURL="jdbc:mysql://101.37.150.212:3306/idevcloud" userId="root"
			password="nbst123">
		</jdbcConnection>
		<javaTypeResolver>
			<property name="forceBigDecimals" value="false" />
		</javaTypeResolver>
		<!-- 生成模型的包名和位置 -->
		<javaModelGenerator targetPackage="com.nbst.model"
			targetProject="iSPC_WEB_Model_JAR">
			<property name="enableSubPackages" value="true" />
			<property name="trimStrings" value="true" />
		</javaModelGenerator>
		<!-- 生成映射文件的包名和位置 -->
		<sqlMapGenerator targetPackage="com.nbst.dao.mapper.idevcloudweb"
			targetProject="iSPC_WEB_Dao_JAR">
			<property name="enableSubPackages" value="true" />
		</sqlMapGenerator>
		<!-- 生成DAO的包名和位置 -->
		<javaClientGenerator type="XMLMAPPER"
			targetPackage="com.nbst.dao.mapper.idevcloudweb" targetProject="iSPC_WEB_Dao_JAR">
			<property name="enableSubPackages" value="true" />
		</javaClientGenerator>
		<!-- 要生成哪些表 -->
		<table tableName="main_device" domainObjectName="MainDevice"
			enableCountByExample="false" enableUpdateByExample="false"
			enableDeleteByExample="false" enableSelectByExample="false"
			selectByExampleQueryId="false"></table>
	
	</context>
</generatorConfiguration>  