<?xml version="1.0" encoding="UTF-8" ?>
<!DOCTYPE mapper PUBLIC "-//mybatis.org//DTD Mapper 3.0//EN" "http://mybatis.org/dtd/mybatis-3-mapper.dtd" >
<mapper namespace="com.nbst.dao.mapper.ispcweb.BatchMapper">
	<resultMap id="BaseResultMap" type="com.nbst.model.Batch">
		<id column="PC_ID" property="pcId" jdbcType="INTEGER" />
		<result column="PC_NAME" property="pcName" jdbcType="VARCHAR" />
		<result column="PC_EXTEND1" property="pcExtend1"
			jdbcType="VARCHAR" />
		<result column="PC_EXTEND2" property="pcExtend2"
			jdbcType="VARCHAR" />
		<result column="PC_EXTEND3" property="pcExtend3"
			jdbcType="VARCHAR" />
		<result column="PC_EXTEND4" property="pcExtend4"
			jdbcType="VARCHAR" />
		<result column="PC_EXTEND5" property="pcExtend5"
			jdbcType="VARCHAR" />
	</resultMap>
	<sql id="Base_Column_List">
		PC_ID, PC_NAME, PC_EXTEND1, PC_EXTEND2, PC_EXTEND3,
		PC_EXTEND4, PC_EXTEND5
	</sql>
	<select id="findById" resultMap="BaseResultMap"
		parameterType="java.lang.Integer">
		select
		<include refid="Base_Column_List" />
		from batch
		where PC_ID = #{pcId,jdbcType=INTEGER}
	</select>
	<delete id="delete" parameterType="java.lang.Integer">
		delete from batch
		where PC_ID =
		#{pcId,jdbcType=INTEGER}
	</delete>
	<insert id="insert" parameterType="com.nbst.model.Batch"
		useGeneratedKeys="true" keyProperty="pcId">
		insert into batch
		<trim prefix="(" suffix=")" suffixOverrides=",">
			<if test="pcId != null">
				PC_ID,
			</if>
			<if test="pcName != null">
				PC_NAME,
			</if>
			<if test="pcExtend1 != null">
				PC_EXTEND1,
			</if>
			<if test="pcExtend2 != null">
				PC_EXTEND2,
			</if>
			<if test="pcExtend3 != null">
				PC_EXTEND3,
			</if>
			<if test="pcExtend4 != null">
				PC_EXTEND4,
			</if>
			<if test="pcExtend5 != null">
				PC_EXTEND5,
			</if>
		</trim>
		<trim prefix="values (" suffix=")" suffixOverrides=",">
			<if test="pcId != null">
				#{pcId,jdbcType=INTEGER},
			</if>
			<if test="pcName != null">
				#{pcName,jdbcType=VARCHAR},
			</if>
			<if test="pcExtend1 != null">
				#{pcExtend1,jdbcType=VARCHAR},
			</if>
			<if test="pcExtend2 != null">
				#{pcExtend2,jdbcType=VARCHAR},
			</if>
			<if test="pcExtend3 != null">
				#{pcExtend3,jdbcType=VARCHAR},
			</if>
			<if test="pcExtend4 != null">
				#{pcExtend4,jdbcType=VARCHAR},
			</if>
			<if test="pcExtend5 != null">
				#{pcExtend5,jdbcType=VARCHAR},
			</if>
		</trim>
	</insert>
	<update id="update" parameterType="com.nbst.model.Batch">
		update batch
		<set>
			<if test="pcName != null">
				PC_NAME = #{pcName,jdbcType=VARCHAR},
			</if>
			<if test="pcExtend1 != null">
				PC_EXTEND1 = #{pcExtend1,jdbcType=VARCHAR},
			</if>
			<if test="pcExtend2 != null">
				PC_EXTEND2 = #{pcExtend2,jdbcType=VARCHAR},
			</if>
			<if test="pcExtend3 != null">
				PC_EXTEND3 = #{pcExtend3,jdbcType=VARCHAR},
			</if>
			<if test="pcExtend4 != null">
				PC_EXTEND4 = #{pcExtend4,jdbcType=VARCHAR},
			</if>
			<if test="pcExtend5 != null">
				PC_EXTEND5 = #{pcExtend5,jdbcType=VARCHAR},
			</if>
		</set>
		where PC_ID = #{pcId,jdbcType=INTEGER}
	</update>
	<select id="findByCondition" resultMap="BaseResultMap"
		parameterType="map">
		select
		<include refid="Base_Column_List" />
		from batch
		where 1=1
		<if test="pcName != null">
			and PC_NAME = #{pcName,jdbcType=VARCHAR}
		</if>
		<if test="pcExtend1 != null">
			and PC_EXTEND1 = #{pcExtend1,jdbcType=VARCHAR}
		</if>
		<if test="pcExtend2 != null">
			and PC_EXTEND2 = #{pcExtend2,jdbcType=VARCHAR}
		</if>
		<if test="pcExtend3 != null">
			and PC_EXTEND3 = #{pcExtend3,jdbcType=VARCHAR}
		</if>
		<if test="pcExtend4 != null">
			and PC_EXTEND4 = #{pcExtend4,jdbcType=VARCHAR}
		</if>
		<if test="pcExtend5 != null">
			and PC_EXTEND5 = #{pcExtend5,jdbcType=VARCHAR}
		</if>
	</select>
	<select id="count" resultType="java.lang.Integer"
		parameterType="Map">
		select count(*) from batch
		where 1=1
		<if test="pcName != null">
			and PC_NAME = #{pcName,jdbcType=VARCHAR}
		</if>
		<if test="pcExtend1 != null">
			and PC_EXTEND1 = #{pcExtend1,jdbcType=VARCHAR}
		</if>
		<if test="pcExtend2 != null">
			and PC_EXTEND2 = #{pcExtend2,jdbcType=VARCHAR}
		</if>
		<if test="pcExtend3 != null">
			and PC_EXTEND3 = #{pcExtend3,jdbcType=VARCHAR}
		</if>
		<if test="pcExtend4 != null">
			and PC_EXTEND4 = #{pcExtend4,jdbcType=VARCHAR}
		</if>
		<if test="pcExtend5 != null">
			and PC_EXTEND5 = #{pcExtend5,jdbcType=VARCHAR}
		</if>
	</select>
</mapper>