<?xml version="1.0" encoding="UTF-8" ?>
<!DOCTYPE mapper PUBLIC "-//mybatis.org//DTD Mapper 3.0//EN" "http://mybatis.org/dtd/mybatis-3-mapper.dtd" >
<mapper namespace="com.nbst.dao.mapper.ispcweb.ControlChartTypePropertyMapper">
	<resultMap id="BaseResultMap" type="com.nbst.model.ControlChartTypeProperty">
		<id column="KZTSX_ID" property="kztsxId" jdbcType="INTEGER" />
		<result column="KZTSX_NAME" property="kztsxName" jdbcType="VARCHAR" />
		<result column="KZTSX_TYPE_ID" property="kztsxTypeId" jdbcType="INTEGER" />
		<result column="KZTSX_EXTEND1" property="kztsxExtend1"
			jdbcType="VARCHAR" />
		<result column="KZTSX_EXTEND2" property="kztsxExtend2"
			jdbcType="VARCHAR" />
		<result column="KZTSX_EXTEND3" property="kztsxExtend3"
			jdbcType="VARCHAR" />
		<result column="KZTSX_EXTEND4" property="kztsxExtend4"
			jdbcType="VARCHAR" />
		<result column="KZTSX_EXTEND5" property="kztsxExtend5"
			jdbcType="VARCHAR" />
	</resultMap>
	<sql id="Base_Column_List">
		KZTSX_ID, KZTSX_NAME, KZTSX_TYPE_ID, KZTSX_EXTEND1, KZTSX_EXTEND2,
		KZTSX_EXTEND3,
		KZTSX_EXTEND4, KZTSX_EXTEND5
	</sql>
	<select id="findById" resultMap="BaseResultMap" parameterType="java.lang.Integer">
		select
		<include refid="Base_Column_List" />
		from control_chart_type_property
		where KZTSX_ID = #{kztsxId,jdbcType=INTEGER}
	</select>
	<delete id="delete" parameterType="java.lang.Integer">
		delete from control_chart_type_property
		where KZTSX_ID = #{kztsxId,jdbcType=INTEGER}
	</delete>
	<insert id="insert" parameterType="com.nbst.model.ControlChartTypeProperty"
		useGeneratedKeys="true" keyProperty="kztsxId">
		insert into control_chart_type_property
		<trim prefix="(" suffix=")" suffixOverrides=",">
			<if test="kztsxId != null">
				KZTSX_ID,
			</if>
			<if test="kztsxName != null">
				KZTSX_NAME,
			</if>
			<if test="kztsxTypeId != null">
				KZTSX_TYPE_ID,
			</if>
			<if test="kztsxExtend1 != null">
				KZTSX_EXTEND1,
			</if>
			<if test="kztsxExtend2 != null">
				KZTSX_EXTEND2,
			</if>
			<if test="kztsxExtend3 != null">
				KZTSX_EXTEND3,
			</if>
			<if test="kztsxExtend4 != null">
				KZTSX_EXTEND4,
			</if>
			<if test="kztsxExtend5 != null">
				KZTSX_EXTEND5,
			</if>
		</trim>
		<trim prefix="values (" suffix=")" suffixOverrides=",">
			<if test="kztsxId != null">
				#{kztsxId,jdbcType=INTEGER},
			</if>
			<if test="kztsxName != null">
				#{kztsxName,jdbcType=VARCHAR},
			</if>
			<if test="kztsxTypeId != null">
				#{kztsxTypeId,jdbcType=INTEGER},
			</if>
			<if test="kztsxExtend1 != null">
				#{kztsxExtend1,jdbcType=VARCHAR},
			</if>
			<if test="kztsxExtend2 != null">
				#{kztsxExtend2,jdbcType=VARCHAR},
			</if>
			<if test="kztsxExtend3 != null">
				#{kztsxExtend3,jdbcType=VARCHAR},
			</if>
			<if test="kztsxExtend4 != null">
				#{kztsxExtend4,jdbcType=VARCHAR},
			</if>
			<if test="kztsxExtend5 != null">
				#{kztsxExtend5,jdbcType=VARCHAR},
			</if>
		</trim>
	</insert>
	<update id="update" parameterType="com.nbst.model.ControlChartTypeProperty">
		update control_chart_type_property
		<set>
			<if test="kztsxName != null">
				KZTSX_NAME = #{kztsxName,jdbcType=VARCHAR},
			</if>
			<if test="kztsxTypeId != null">
				KZTSX_TYPE_ID = #{kztsxTypeId,jdbcType=INTEGER},
			</if>
			<if test="kztsxExtend1 != null">
				KZTSX_EXTEND1 = #{kztsxExtend1,jdbcType=VARCHAR},
			</if>
			<if test="kztsxExtend2 != null">
				KZTSX_EXTEND2 = #{kztsxExtend2,jdbcType=VARCHAR},
			</if>
			<if test="kztsxExtend3 != null">
				KZTSX_EXTEND3 = #{kztsxExtend3,jdbcType=VARCHAR},
			</if>
			<if test="kztsxExtend4 != null">
				KZTSX_EXTEND4 = #{kztsxExtend4,jdbcType=VARCHAR},
			</if>
			<if test="kztsxExtend5 != null">
				KZTSX_EXTEND5 = #{kztsxExtend5,jdbcType=VARCHAR},
			</if>
		</set>
		where KZTSX_ID = #{kztsxId,jdbcType=INTEGER}
	</update>
	<select id="findByCondition" resultMap="BaseResultMap"
		parameterType="map">
		select
		<include refid="Base_Column_List" />
		from control_chart_type_property
		where 1=1
		<if test="kztsxName != null">
			and KZTSX_NAME = #{kztsxName,jdbcType=VARCHAR}
		</if>
		<if test="kztsxTypeId != null">
			and KZTSX_TYPE_ID = #{kztsxTypeId,jdbcType=INTEGER}
		</if>
		<if test="kztsxExtend1 != null">
			and KZTSX_EXTEND1 = #{kztsxExtend1,jdbcType=VARCHAR}
		</if>
		<if test="kztsxExtend2 != null">
			and KZTSX_EXTEND2 = #{kztsxExtend2,jdbcType=VARCHAR}
		</if>
		<if test="kztsxExtend3 != null">
			and KZTSX_EXTEND3 = #{kztsxExtend3,jdbcType=VARCHAR}
		</if>
		<if test="kztsxExtend4 != null">
			and KZTSX_EXTEND4 = #{kztsxExtend4,jdbcType=VARCHAR}
		</if>
		<if test="kztsxExtend5 != null">
			and KZTSX_EXTEND5 = #{kztsxExtend5,jdbcType=VARCHAR}
		</if>
		<if test="limit!=null and offset!=null">
			limit #{offset,jdbcType=INTEGER},#{limit,jdbcType=INTEGER}
		</if>
	</select>
	<select id="count" resultType="java.lang.Integer" parameterType="Map">
		select count(*) from control_chart_type_property
		where 1=1
		<if test="kztsxName != null">
			and KZTSX_NAME = #{kztsxName,jdbcType=VARCHAR}
		</if>
		<if test="kztsxTypeId != null">
			and KZTSX_TYPE_ID = #{kztsxTypeId,jdbcType=INTEGER}
		</if>
		<if test="kztsxExtend1 != null">
			and KZTSX_EXTEND1 = #{kztsxExtend1,jdbcType=VARCHAR}
		</if>
		<if test="kztsxExtend2 != null">
			and KZTSX_EXTEND2 = #{kztsxExtend2,jdbcType=VARCHAR}
		</if>
		<if test="kztsxExtend3 != null">
			and KZTSX_EXTEND3 = #{kztsxExtend3,jdbcType=VARCHAR}
		</if>
		<if test="kztsxExtend4 != null">
			and KZTSX_EXTEND4 = #{kztsxExtend4,jdbcType=VARCHAR}
		</if>
		<if test="kztsxExtend5 != null">
			and KZTSX_EXTEND5 = #{kztsxExtend5,jdbcType=VARCHAR}
		</if>
	</select>
</mapper>