<?xml version="1.0" encoding="UTF-8" ?>
<!DOCTYPE mapper PUBLIC "-//mybatis.org//DTD Mapper 3.0//EN" "http://mybatis.org/dtd/mybatis-3-mapper.dtd" >
<mapper namespace="com.nbst.dao.mapper.ispcweb.ControlChartStatisticsMapper">
	<resultMap id="BaseResultMap" type="com.nbst.model.ControlChartStatistics">
		<id column="KZTTJ_ID" property="kzttjId" jdbcType="INTEGER" />
		<result column="KZTTJ_CONTROL_CHART_ID" property="kzttjControlChartId"
			jdbcType="INTEGER" />
		<result column="KZTTJ_TOTAL" property="kzttjTotal" jdbcType="VARCHAR" />
		<result column="KZTTJ_SAMPLE_SIZE" property="kzttjSampleSize"
			jdbcType="VARCHAR" />
		<result column="KZTTJ_GROUP" property="kzttjGroup" jdbcType="VARCHAR" />
		<result column="KZTTJ_MAX" property="kzttjMax" jdbcType="VARCHAR" />
		<result column="KZTTJ_MIN" property="kzttjMin" jdbcType="VARCHAR" />
		<result column="KZTTJ_MEAN" property="kzttjMean" jdbcType="VARCHAR" />
		<result column="KZTTJ_DEV" property="kzttjDev" jdbcType="VARCHAR" />
		<result column="KZTTJ_CPK" property="kzttjCpk" jdbcType="VARCHAR" />
		<result column="KZTTJ_PPK" property="kzttjPpk" jdbcType="VARCHAR" />
		<result column="KZTTJ_CA" property="kzttjCa" jdbcType="VARCHAR" />
		<result column="KZTTJ_CP" property="kzttjCp" jdbcType="VARCHAR" />
		<result column="KZTTJ_PP" property="kzttjPp" jdbcType="VARCHAR" />
		<result column="KZTTJ_EXTEND1" property="kzttjExtend1"
			jdbcType="VARCHAR" />
		<result column="KZTTJ_EXTEND2" property="kzttjExtend2"
			jdbcType="VARCHAR" />
		<result column="KZTTJ_EXTEND3" property="kzttjExtend3"
			jdbcType="VARCHAR" />
		<result column="KZTTJ_EXTEND4" property="kzttjExtend4"
			jdbcType="VARCHAR" />
		<result column="KZTTJ_EXTEND5" property="kzttjExtend5"
			jdbcType="VARCHAR" />
	</resultMap>
	<sql id="Base_Column_List">
		KZTTJ_ID, KZTTJ_CONTROL_CHART_ID, KZTTJ_TOTAL, KZTTJ_SAMPLE_SIZE, KZTTJ_GROUP,
		KZTTJ_MAX,
		KZTTJ_MIN, KZTTJ_MEAN, KZTTJ_DEV, KZTTJ_CPK, KZTTJ_PPK, KZTTJ_CA, KZTTJ_CP,
		KZTTJ_PP,
		KZTTJ_EXTEND1, KZTTJ_EXTEND2, KZTTJ_EXTEND3, KZTTJ_EXTEND4, KZTTJ_EXTEND5
	</sql>
	<select id="findById" resultMap="BaseResultMap" parameterType="java.lang.Integer">
		select
		<include refid="Base_Column_List" />
		from control_chart_statistics
		where KZTTJ_ID = #{kzttjId,jdbcType=INTEGER}
	</select>
	<delete id="delete" parameterType="java.lang.Integer">
		delete from control_chart_statistics
		where KZTTJ_ID = #{kzttjId,jdbcType=INTEGER}
	</delete>
	<insert id="insert" parameterType="com.nbst.model.ControlChartStatistics"
		useGeneratedKeys="true" keyProperty="kzttjId">
		insert into control_chart_statistics
		<trim prefix="(" suffix=")" suffixOverrides=",">
			<if test="kzttjId != null">
				KZTTJ_ID,
			</if>
			<if test="kzttjControlChartId != null">
				KZTTJ_CONTROL_CHART_ID,
			</if>
			<if test="kzttjTotal != null">
				KZTTJ_TOTAL,
			</if>
			<if test="kzttjSampleSize != null">
				KZTTJ_SAMPLE_SIZE,
			</if>
			<if test="kzttjGroup != null">
				KZTTJ_GROUP,
			</if>
			<if test="kzttjMax != null">
				KZTTJ_MAX,
			</if>
			<if test="kzttjMin != null">
				KZTTJ_MIN,
			</if>
			<if test="kzttjMean != null">
				KZTTJ_MEAN,
			</if>
			<if test="kzttjDev != null">
				KZTTJ_DEV,
			</if>
			<if test="kzttjCpk != null">
				KZTTJ_CPK,
			</if>
			<if test="kzttjPpk != null">
				KZTTJ_PPK,
			</if>
			<if test="kzttjCa != null">
				KZTTJ_CA,
			</if>
			<if test="kzttjCp != null">
				KZTTJ_CP,
			</if>
			<if test="kzttjPp != null">
				KZTTJ_PP,
			</if>
			<if test="kzttjExtend1 != null">
				KZTTJ_EXTEND1,
			</if>
			<if test="kzttjExtend2 != null">
				KZTTJ_EXTEND2,
			</if>
			<if test="kzttjExtend3 != null">
				KZTTJ_EXTEND3,
			</if>
			<if test="kzttjExtend4 != null">
				KZTTJ_EXTEND4,
			</if>
			<if test="kzttjExtend5 != null">
				KZTTJ_EXTEND5,
			</if>
		</trim>
		<trim prefix="values (" suffix=")" suffixOverrides=",">
			<if test="kzttjId != null">
				#{kzttjId,jdbcType=INTEGER},
			</if>
			<if test="kzttjControlChartId != null">
				#{kzttjControlChartId,jdbcType=INTEGER},
			</if>
			<if test="kzttjTotal != null">
				#{kzttjTotal,jdbcType=VARCHAR},
			</if>
			<if test="kzttjSampleSize != null">
				#{kzttjSampleSize,jdbcType=VARCHAR},
			</if>
			<if test="kzttjGroup != null">
				#{kzttjGroup,jdbcType=VARCHAR},
			</if>
			<if test="kzttjMax != null">
				#{kzttjMax,jdbcType=VARCHAR},
			</if>
			<if test="kzttjMin != null">
				#{kzttjMin,jdbcType=VARCHAR},
			</if>
			<if test="kzttjMean != null">
				#{kzttjMean,jdbcType=VARCHAR},
			</if>
			<if test="kzttjDev != null">
				#{kzttjDev,jdbcType=VARCHAR},
			</if>
			<if test="kzttjCpk != null">
				#{kzttjCpk,jdbcType=VARCHAR},
			</if>
			<if test="kzttjPpk != null">
				#{kzttjPpk,jdbcType=VARCHAR},
			</if>
			<if test="kzttjCa != null">
				#{kzttjCa,jdbcType=VARCHAR},
			</if>
			<if test="kzttjCp != null">
				#{kzttjCp,jdbcType=VARCHAR},
			</if>
			<if test="kzttjPp != null">
				#{kzttjPp,jdbcType=VARCHAR},
			</if>
			<if test="kzttjExtend1 != null">
				#{kzttjExtend1,jdbcType=VARCHAR},
			</if>
			<if test="kzttjExtend2 != null">
				#{kzttjExtend2,jdbcType=VARCHAR},
			</if>
			<if test="kzttjExtend3 != null">
				#{kzttjExtend3,jdbcType=VARCHAR},
			</if>
			<if test="kzttjExtend4 != null">
				#{kzttjExtend4,jdbcType=VARCHAR},
			</if>
			<if test="kzttjExtend5 != null">
				#{kzttjExtend5,jdbcType=VARCHAR},
			</if>
		</trim>
	</insert>
	<update id="update" parameterType="com.nbst.model.ControlChartStatistics">
		update control_chart_statistics
		<set>
			<if test="kzttjControlChartId != null">
				KZTTJ_CONTROL_CHART_ID = #{kzttjControlChartId,jdbcType=INTEGER},
			</if>
			<if test="kzttjTotal != null">
				KZTTJ_TOTAL = #{kzttjTotal,jdbcType=VARCHAR},
			</if>
			<if test="kzttjSampleSize != null">
				KZTTJ_SAMPLE_SIZE = #{kzttjSampleSize,jdbcType=VARCHAR},
			</if>
			<if test="kzttjGroup != null">
				KZTTJ_GROUP = #{kzttjGroup,jdbcType=VARCHAR},
			</if>
			<if test="kzttjMax != null">
				KZTTJ_MAX = #{kzttjMax,jdbcType=VARCHAR},
			</if>
			<if test="kzttjMin != null">
				KZTTJ_MIN = #{kzttjMin,jdbcType=VARCHAR},
			</if>
			<if test="kzttjMean != null">
				KZTTJ_MEAN = #{kzttjMean,jdbcType=VARCHAR},
			</if>
			<if test="kzttjDev != null">
				KZTTJ_DEV = #{kzttjDev,jdbcType=VARCHAR},
			</if>
			<if test="kzttjCpk != null">
				KZTTJ_CPK = #{kzttjCpk,jdbcType=VARCHAR},
			</if>
			<if test="kzttjPpk != null">
				KZTTJ_PPK = #{kzttjPpk,jdbcType=VARCHAR},
			</if>
			<if test="kzttjCa != null">
				KZTTJ_CA = #{kzttjCa,jdbcType=VARCHAR},
			</if>
			<if test="kzttjCp != null">
				KZTTJ_CP = #{kzttjCp,jdbcType=VARCHAR},
			</if>
			<if test="kzttjPp != null">
				KZTTJ_PP = #{kzttjPp,jdbcType=VARCHAR},
			</if>
			<if test="kzttjExtend1 != null">
				KZTTJ_EXTEND1 = #{kzttjExtend1,jdbcType=VARCHAR},
			</if>
			<if test="kzttjExtend2 != null">
				KZTTJ_EXTEND2 = #{kzttjExtend2,jdbcType=VARCHAR},
			</if>
			<if test="kzttjExtend3 != null">
				KZTTJ_EXTEND3 = #{kzttjExtend3,jdbcType=VARCHAR},
			</if>
			<if test="kzttjExtend4 != null">
				KZTTJ_EXTEND4 = #{kzttjExtend4,jdbcType=VARCHAR},
			</if>
			<if test="kzttjExtend5 != null">
				KZTTJ_EXTEND5 = #{kzttjExtend5,jdbcType=VARCHAR},
			</if>
		</set>
		where KZTTJ_ID = #{kzttjId,jdbcType=INTEGER}
	</update>
	<select id="findByCondition" resultMap="BaseResultMap"
		parameterType="map">
		select
		<include refid="Base_Column_List" />
		from control_chart_statistics
		where 1=1
		<if test="kzttjControlChartId != null">
			and KZTTJ_CONTROL_CHART_ID = #{kzttjControlChartId,jdbcType=INTEGER}
		</if>
		<if test="kzttjTotal != null">
			and KZTTJ_TOTAL = #{kzttjTotal,jdbcType=VARCHAR}
		</if>
		<if test="kzttjSampleSize != null">
			and KZTTJ_SAMPLE_SIZE = #{kzttjSampleSize,jdbcType=VARCHAR}
		</if>
		<if test="kzttjGroup != null">
			and KZTTJ_GROUP = #{kzttjGroup,jdbcType=VARCHAR}
		</if>
		<if test="kzttjMax != null">
			and KZTTJ_MAX = #{kzttjMax,jdbcType=VARCHAR}
		</if>
		<if test="kzttjMin != null">
			and KZTTJ_MIN = #{kzttjMin,jdbcType=VARCHAR}
		</if>
		<if test="kzttjMean != null">
			and KZTTJ_MEAN = #{kzttjMean,jdbcType=VARCHAR}
		</if>
		<if test="kzttjDev != null">
			and KZTTJ_DEV = #{kzttjDev,jdbcType=VARCHAR}
		</if>
		<if test="kzttjCpk != null">
			and KZTTJ_CPK = #{kzttjCpk,jdbcType=VARCHAR}
		</if>
		<if test="kzttjPpk != null">
			and KZTTJ_PPK = #{kzttjPpk,jdbcType=VARCHAR}
		</if>
		<if test="kzttjCa != null">
			and KZTTJ_CA = #{kzttjCa,jdbcType=VARCHAR}
		</if>
		<if test="kzttjCp != null">
			and KZTTJ_CP = #{kzttjCp,jdbcType=VARCHAR}
		</if>
		<if test="kzttjPp != null">
			and KZTTJ_PP = #{kzttjPp,jdbcType=VARCHAR}
		</if>
		<if test="kzttjExtend1 != null">
			and KZTTJ_EXTEND1 = #{kzttjExtend1,jdbcType=VARCHAR}
		</if>
		<if test="kzttjExtend2 != null">
			and KZTTJ_EXTEND2 = #{kzttjExtend2,jdbcType=VARCHAR}
		</if>
		<if test="kzttjExtend3 != null">
			and KZTTJ_EXTEND3 = #{kzttjExtend3,jdbcType=VARCHAR}
		</if>
		<if test="kzttjExtend4 != null">
			and KZTTJ_EXTEND4 = #{kzttjExtend4,jdbcType=VARCHAR}
		</if>
		<if test="kzttjExtend5 != null">
			and KZTTJ_EXTEND5 = #{kzttjExtend5,jdbcType=VARCHAR}
		</if>
		<if test="limit!=null and offset!=null">
			limit #{offset,jdbcType=INTEGER},#{limit,jdbcType=INTEGER}
		</if>
	</select>
	<select id="count" resultType="java.lang.Integer" parameterType="Map">
		select count(*) from control_chart_statistics
		where 1=1
		<if test="kzttjControlChartId != null">
			and KZTTJ_CONTROL_CHART_ID = #{kzttjControlChartId,jdbcType=INTEGER}
		</if>
		<if test="kzttjTotal != null">
			and KZTTJ_TOTAL = #{kzttjTotal,jdbcType=VARCHAR}
		</if>
		<if test="kzttjSampleSize != null">
			and KZTTJ_SAMPLE_SIZE = #{kzttjSampleSize,jdbcType=VARCHAR}
		</if>
		<if test="kzttjGroup != null">
			and KZTTJ_GROUP = #{kzttjGroup,jdbcType=VARCHAR}
		</if>
		<if test="kzttjMax != null">
			and KZTTJ_MAX = #{kzttjMax,jdbcType=VARCHAR}
		</if>
		<if test="kzttjMin != null">
			and KZTTJ_MIN = #{kzttjMin,jdbcType=VARCHAR}
		</if>
		<if test="kzttjMean != null">
			and KZTTJ_MEAN = #{kzttjMean,jdbcType=VARCHAR}
		</if>
		<if test="kzttjDev != null">
			and KZTTJ_DEV = #{kzttjDev,jdbcType=VARCHAR}
		</if>
		<if test="kzttjCpk != null">
			and KZTTJ_CPK = #{kzttjCpk,jdbcType=VARCHAR}
		</if>
		<if test="kzttjPpk != null">
			and KZTTJ_PPK = #{kzttjPpk,jdbcType=VARCHAR}
		</if>
		<if test="kzttjCa != null">
			and KZTTJ_CA = #{kzttjCa,jdbcType=VARCHAR}
		</if>
		<if test="kzttjCp != null">
			and KZTTJ_CP = #{kzttjCp,jdbcType=VARCHAR}
		</if>
		<if test="kzttjPp != null">
			and KZTTJ_PP = #{kzttjPp,jdbcType=VARCHAR}
		</if>
		<if test="kzttjExtend1 != null">
			and KZTTJ_EXTEND1 = #{kzttjExtend1,jdbcType=VARCHAR}
		</if>
		<if test="kzttjExtend2 != null">
			and KZTTJ_EXTEND2 = #{kzttjExtend2,jdbcType=VARCHAR}
		</if>
		<if test="kzttjExtend3 != null">
			and KZTTJ_EXTEND3 = #{kzttjExtend3,jdbcType=VARCHAR}
		</if>
		<if test="kzttjExtend4 != null">
			and KZTTJ_EXTEND4 = #{kzttjExtend4,jdbcType=VARCHAR}
		</if>
		<if test="kzttjExtend5 != null">
			and KZTTJ_EXTEND5 = #{kzttjExtend5,jdbcType=VARCHAR}
		</if>
	</select>
</mapper>