<?xml version="1.0" encoding="UTF-8" ?>
<!DOCTYPE mapper PUBLIC "-//mybatis.org//DTD Mapper 3.0//EN" "http://mybatis.org/dtd/mybatis-3-mapper.dtd" >
<mapper namespace="com.nbst.dao.mapper.ispcweb.ControlChartInfomationMapper">
	<resultMap id="BaseResultMap" type="com.nbst.model.ControlChartInfomation">
		<id column="KZTXX_ID" property="kztxxId" jdbcType="INTEGER" />
		<result column="KZTXX_GROUP_ID" property="kztxxGroupId"
			jdbcType="INTEGER" />
		<result column="KZTXX_NUMBER" property="kztxxNumber" jdbcType="INTEGER" />
		<result column="KZTXX_TYPE_ID" property="kztxxTypeId" jdbcType="INTEGER" />
		<result column="KZTXX_DETECTION_ITEM_ID" property="kztxxDetectionItemId"
			jdbcType="INTEGER" />
		<result column="KZTXX_SPECIFICATION_UPPER_LIMIT" property="kztxxSpecificationUpperLimit"
			jdbcType="VARCHAR" />
		<result column="KZTXX_TARGET_VALUE" property="kztxxTargetValue"
			jdbcType="VARCHAR" />
		<result column="KZTXX_SPECIFICATION_DOWN_LIMIT" property="kztxxSpecificationDownLimit"
			jdbcType="VARCHAR" />
		<result column="KZTXX_SAMPLE_CAPACITY" property="kztxxSampleCapacity"
			jdbcType="INTEGER" />
		<result column="KZTXX_DECIMAL_NUMBER" property="kztxxDecimalNumber"
			jdbcType="INTEGER" />
		<result column="KZTXX_ABOVE_UPPER_CONTROL_LIMIT" property="kztxxAboveUpperControlLimit"
			jdbcType="VARCHAR" />
		<result column="KZTXX_ABOVE_TARGET_VALUE" property="kztxxAboveTargetValue"
			jdbcType="VARCHAR" />
		<result column="KZTXX_ABOVE_LOWER_CONTROL_LIMIT" property="kztxxAboveLowerControlLimit"
			jdbcType="VARCHAR" />
		<result column="KZTXX_FOLLOW_GRAPH_UPPER_CONTROL_LIMIT"
			property="kztxxFollowGraphUpperControlLimit" jdbcType="VARCHAR" />
		<result column="KZTXX_FOLLOW_GRAPH_TARGET_VALUE" property="kztxxFollowGraphTargetValue"
			jdbcType="VARCHAR" />
		<result column="KZTXX_FOLLOW_GRAPH_LOWER_CONTROL_LIMIT"
			property="kztxxFollowGraphLowerControlLimit" jdbcType="VARCHAR" />
		<result column="KZTXX_CONTROL_CHART_DISCRIPTION" property="kztxxControlChartDiscription"
			jdbcType="VARCHAR" />
		<result column="KZTXX_CUSTOMIZED_CONTROL_CHART_TITLE" property="kztxxCustomizedControlChartTitle"
			jdbcType="VARCHAR" />
		<result column="KZTXX_DETECTION_DEVICE_ID" property="kztxxDetectionDeviceId"
			jdbcType="INTEGER" />
		<result column="KZTXX_DETECTION_FREQUENCY" property="kztxxDetectionFrequency"
			jdbcType="INTEGER" />
		<result column="KZTXX_EXTEND1" property="kztxxExtend1"
			jdbcType="VARCHAR" />
		<result column="KZTXX_EXTEND2" property="kztxxExtend2"
			jdbcType="VARCHAR" />
		<result column="KZTXX_EXTEND3" property="kztxxExtend3"
			jdbcType="VARCHAR" />
		<result column="KZTXX_EXTEND4" property="kztxxExtend4"
			jdbcType="VARCHAR" />
		<result column="KZTXX_EXTEND5" property="kztxxExtend5"
			jdbcType="VARCHAR" />
	</resultMap>
	<sql id="Base_Column_List">
		KZTXX_ID, KZTXX_GROUP_ID, KZTXX_NUMBER, KZTXX_TYPE_ID, KZTXX_DETECTION_ITEM_ID,
		KZTXX_SPECIFICATION_UPPER_LIMIT,
		KZTXX_TARGET_VALUE, KZTXX_SPECIFICATION_DOWN_LIMIT, KZTXX_SAMPLE_CAPACITY,
		KZTXX_DECIMAL_NUMBER,
		KZTXX_ABOVE_UPPER_CONTROL_LIMIT, KZTXX_ABOVE_TARGET_VALUE, KZTXX_ABOVE_LOWER_CONTROL_LIMIT,
		KZTXX_FOLLOW_GRAPH_UPPER_CONTROL_LIMIT,
		KZTXX_FOLLOW_GRAPH_TARGET_VALUE,
		KZTXX_FOLLOW_GRAPH_LOWER_CONTROL_LIMIT,
		KZTXX_CONTROL_CHART_DISCRIPTION, KZTXX_CUSTOMIZED_CONTROL_CHART_TITLE,
		KZTXX_DETECTION_DEVICE_ID,
		KZTXX_DETECTION_FREQUENCY, KZTXX_EXTEND1, KZTXX_EXTEND2, KZTXX_EXTEND3, KZTXX_EXTEND4,
		KZTXX_EXTEND5
	</sql>
	<select id="findById" resultMap="BaseResultMap" parameterType="java.lang.Integer">
		select
		<include refid="Base_Column_List" />
		from control_chart_infomation
		where KZTXX_ID = #{kztxxId,jdbcType=INTEGER}
		and KZTXX_EXTEND1 != 2
	</select>
	<delete id="delete" parameterType="java.lang.Integer">
		delete from control_chart_infomation
		where KZTXX_ID = #{kztxxId,jdbcType=INTEGER}
	</delete>
	<insert id="insert" parameterType="com.nbst.model.ControlChartInfomation"
		useGeneratedKeys="true" keyProperty="kztxxId">
		insert into control_chart_infomation
		<trim prefix="(" suffix=")" suffixOverrides=",">
			<if test="kztxxId != null">
				KZTXX_ID,
			</if>
			<if test="kztxxGroupId != null">
				KZTXX_GROUP_ID,
			</if>
			<if test="kztxxNumber != null">
				KZTXX_NUMBER,
			</if>
			<if test="kztxxTypeId != null">
				KZTXX_TYPE_ID,
			</if>
			<if test="kztxxDetectionItemId != null">
				KZTXX_DETECTION_ITEM_ID,
			</if>
			<if test="kztxxSpecificationUpperLimit != null">
				KZTXX_SPECIFICATION_UPPER_LIMIT,
			</if>
			<if test="kztxxTargetValue != null">
				KZTXX_TARGET_VALUE,
			</if>
			<if test="kztxxSpecificationDownLimit != null">
				KZTXX_SPECIFICATION_DOWN_LIMIT,
			</if>
			<if test="kztxxSampleCapacity != null">
				KZTXX_SAMPLE_CAPACITY,
			</if>
			<if test="kztxxDecimalNumber != null">
				KZTXX_DECIMAL_NUMBER,
			</if>
			<if test="kztxxAboveUpperControlLimit != null">
				KZTXX_ABOVE_UPPER_CONTROL_LIMIT,
			</if>
			<if test="kztxxAboveTargetValue != null">
				KZTXX_ABOVE_TARGET_VALUE,
			</if>
			<if test="kztxxAboveLowerControlLimit != null">
				KZTXX_ABOVE_LOWER_CONTROL_LIMIT,
			</if>
			<if test="kztxxFollowGraphUpperControlLimit != null">
				KZTXX_FOLLOW_GRAPH_UPPER_CONTROL_LIMIT,
			</if>
			<if test="kztxxFollowGraphTargetValue != null">
				KZTXX_FOLLOW_GRAPH_TARGET_VALUE,
			</if>
			<if test="kztxxFollowGraphLowerControlLimit != null">
				KZTXX_FOLLOW_GRAPH_LOWER_CONTROL_LIMIT,
			</if>
			<if test="kztxxControlChartDiscription != null">
				KZTXX_CONTROL_CHART_DISCRIPTION,
			</if>
			<if test="kztxxCustomizedControlChartTitle != null">
				KZTXX_CUSTOMIZED_CONTROL_CHART_TITLE,
			</if>
			<if test="kztxxDetectionDeviceId != null">
				KZTXX_DETECTION_DEVICE_ID,
			</if>
			<if test="kztxxDetectionFrequency != null">
				KZTXX_DETECTION_FREQUENCY,
			</if>
			<if test="kztxxExtend1 != null">
				KZTXX_EXTEND1,
			</if>
			<if test="kztxxExtend2 != null">
				KZTXX_EXTEND2,
			</if>
			<if test="kztxxExtend3 != null">
				KZTXX_EXTEND3,
			</if>
			<if test="kztxxExtend4 != null">
				KZTXX_EXTEND4,
			</if>
			<if test="kztxxExtend5 != null">
				KZTXX_EXTEND5,
			</if>
		</trim>
		<trim prefix="values (" suffix=")" suffixOverrides=",">
			<if test="kztxxId != null">
				#{kztxxId,jdbcType=INTEGER},
			</if>
			<if test="kztxxGroupId != null">
				#{kztxxGroupId,jdbcType=INTEGER},
			</if>
			<if test="kztxxNumber != null">
				#{kztxxNumber,jdbcType=INTEGER},
			</if>
			<if test="kztxxTypeId != null">
				#{kztxxTypeId,jdbcType=INTEGER},
			</if>
			<if test="kztxxDetectionItemId != null">
				#{kztxxDetectionItemId,jdbcType=INTEGER},
			</if>
			<if test="kztxxSpecificationUpperLimit != null">
				#{kztxxSpecificationUpperLimit,jdbcType=VARCHAR},
			</if>
			<if test="kztxxTargetValue != null">
				#{kztxxTargetValue,jdbcType=VARCHAR},
			</if>
			<if test="kztxxSpecificationDownLimit != null">
				#{kztxxSpecificationDownLimit,jdbcType=VARCHAR},
			</if>
			<if test="kztxxSampleCapacity != null">
				#{kztxxSampleCapacity,jdbcType=INTEGER},
			</if>
			<if test="kztxxDecimalNumber != null">
				#{kztxxDecimalNumber,jdbcType=INTEGER},
			</if>
			<if test="kztxxAboveUpperControlLimit != null">
				#{kztxxAboveUpperControlLimit,jdbcType=VARCHAR},
			</if>
			<if test="kztxxAboveTargetValue != null">
				#{kztxxAboveTargetValue,jdbcType=VARCHAR},
			</if>
			<if test="kztxxAboveLowerControlLimit != null">
				#{kztxxAboveLowerControlLimit,jdbcType=VARCHAR},
			</if>
			<if test="kztxxFollowGraphUpperControlLimit != null">
				#{kztxxFollowGraphUpperControlLimit,jdbcType=VARCHAR},
			</if>
			<if test="kztxxFollowGraphTargetValue != null">
				#{kztxxFollowGraphTargetValue,jdbcType=VARCHAR},
			</if>
			<if test="kztxxFollowGraphLowerControlLimit != null">
				#{kztxxFollowGraphLowerControlLimit,jdbcType=VARCHAR},
			</if>
			<if test="kztxxControlChartDiscription != null">
				#{kztxxControlChartDiscription,jdbcType=VARCHAR},
			</if>
			<if test="kztxxCustomizedControlChartTitle != null">
				#{kztxxCustomizedControlChartTitle,jdbcType=VARCHAR},
			</if>
			<if test="kztxxDetectionDeviceId != null">
				#{kztxxDetectionDeviceId,jdbcType=INTEGER},
			</if>
			<if test="kztxxDetectionFrequency != null">
				#{kztxxDetectionFrequency,jdbcType=INTEGER},
			</if>
			<if test="kztxxExtend1 != null">
				#{kztxxExtend1,jdbcType=VARCHAR},
			</if>
			<if test="kztxxExtend2 != null">
				#{kztxxExtend2,jdbcType=VARCHAR},
			</if>
			<if test="kztxxExtend3 != null">
				#{kztxxExtend3,jdbcType=VARCHAR},
			</if>
			<if test="kztxxExtend4 != null">
				#{kztxxExtend4,jdbcType=VARCHAR},
			</if>
			<if test="kztxxExtend5 != null">
				#{kztxxExtend5,jdbcType=VARCHAR},
			</if>
		</trim>
	</insert>
	<update id="update" parameterType="com.nbst.model.ControlChartInfomation">
		update control_chart_infomation
		<set>
			<if test="kztxxGroupId != null">
				KZTXX_GROUP_ID = #{kztxxGroupId,jdbcType=INTEGER},
			</if>
			<if test="kztxxNumber != null">
				KZTXX_NUMBER = #{kztxxNumber,jdbcType=INTEGER},
			</if>
			<if test="kztxxTypeId != null">
				KZTXX_TYPE_ID = #{kztxxTypeId,jdbcType=INTEGER},
			</if>
			<if test="kztxxDetectionItemId != null">
				KZTXX_DETECTION_ITEM_ID = #{kztxxDetectionItemId,jdbcType=INTEGER},
			</if>
			<if test="kztxxSpecificationUpperLimit != null">
				KZTXX_SPECIFICATION_UPPER_LIMIT =
				#{kztxxSpecificationUpperLimit,jdbcType=VARCHAR},
			</if>
			<if test="kztxxTargetValue != null">
				KZTXX_TARGET_VALUE = #{kztxxTargetValue,jdbcType=VARCHAR},
			</if>
			<if test="kztxxSpecificationDownLimit != null">
				KZTXX_SPECIFICATION_DOWN_LIMIT =
				#{kztxxSpecificationDownLimit,jdbcType=VARCHAR},
			</if>
			<if test="kztxxSampleCapacity != null">
				KZTXX_SAMPLE_CAPACITY = #{kztxxSampleCapacity,jdbcType=INTEGER},
			</if>
			<if test="kztxxDecimalNumber != null">
				KZTXX_DECIMAL_NUMBER = #{kztxxDecimalNumber,jdbcType=INTEGER},
			</if>
			<if test="kztxxAboveUpperControlLimit != null">
				KZTXX_ABOVE_UPPER_CONTROL_LIMIT =
				#{kztxxAboveUpperControlLimit,jdbcType=VARCHAR},
			</if>
			<if test="kztxxAboveTargetValue != null">
				KZTXX_ABOVE_TARGET_VALUE = #{kztxxAboveTargetValue,jdbcType=VARCHAR},
			</if>
			<if test="kztxxAboveLowerControlLimit != null">
				KZTXX_ABOVE_LOWER_CONTROL_LIMIT =
				#{kztxxAboveLowerControlLimit,jdbcType=VARCHAR},
			</if>
			<if test="kztxxFollowGraphUpperControlLimit != null">
				KZTXX_FOLLOW_GRAPH_UPPER_CONTROL_LIMIT =
				#{kztxxFollowGraphUpperControlLimit,jdbcType=VARCHAR},
			</if>
			<if test="kztxxFollowGraphTargetValue != null">
				KZTXX_FOLLOW_GRAPH_TARGET_VALUE =
				#{kztxxFollowGraphTargetValue,jdbcType=VARCHAR},
			</if>
			<if test="kztxxFollowGraphLowerControlLimit != null">
				KZTXX_FOLLOW_GRAPH_LOWER_CONTROL_LIMIT =
				#{kztxxFollowGraphLowerControlLimit,jdbcType=VARCHAR},
			</if>
			<if test="kztxxControlChartDiscription != null">
				KZTXX_CONTROL_CHART_DISCRIPTION =
				#{kztxxControlChartDiscription,jdbcType=VARCHAR},
			</if>
			<if test="kztxxCustomizedControlChartTitle != null">
				KZTXX_CUSTOMIZED_CONTROL_CHART_TITLE =
				#{kztxxCustomizedControlChartTitle,jdbcType=VARCHAR},
			</if>
			<if test="kztxxDetectionDeviceId != null">
				KZTXX_DETECTION_DEVICE_ID =
				#{kztxxDetectionDeviceId,jdbcType=INTEGER},
			</if>
			<if test="kztxxDetectionFrequency != null">
				KZTXX_DETECTION_FREQUENCY =
				#{kztxxDetectionFrequency,jdbcType=INTEGER},
			</if>
			<if test="kztxxExtend1 != null">
				KZTXX_EXTEND1 = #{kztxxExtend1,jdbcType=VARCHAR},
			</if>
			<if test="kztxxExtend2 != null">
				KZTXX_EXTEND2 = #{kztxxExtend2,jdbcType=VARCHAR},
			</if>
			<if test="kztxxExtend3 != null">
				KZTXX_EXTEND3 = #{kztxxExtend3,jdbcType=VARCHAR},
			</if>
			<if test="kztxxExtend4 != null">
				KZTXX_EXTEND4 = #{kztxxExtend4,jdbcType=VARCHAR},
			</if>
			<if test="kztxxExtend5 != null">
				KZTXX_EXTEND5 = #{kztxxExtend5,jdbcType=VARCHAR},
			</if>
		</set>
		where KZTXX_ID = #{kztxxId,jdbcType=INTEGER}
	</update>
	<select id="findByCondition" resultMap="BaseResultMap"
		parameterType="map">
		select
		<include refid="Base_Column_List" />
		from control_chart_infomation
		where 1=1
		<if test="kztxxGroupId != null">
			and KZTXX_GROUP_ID = #{kztxxGroupId,jdbcType=INTEGER}
		</if>
		<if test="kztxxNumber != null">
			and KZTXX_NUMBER = #{kztxxNumber,jdbcType=INTEGER}
		</if>
		<if test="kztxxTypeId != null">
			and KZTXX_TYPE_ID = #{kztxxTypeId,jdbcType=INTEGER}
		</if>
		<if test="kztxxDetectionItemId != null">
			and KZTXX_DETECTION_ITEM_ID = #{kztxxDetectionItemId,jdbcType=INTEGER}
		</if>
		<if test="kztxxSpecificationUpperLimit != null">
			and KZTXX_SPECIFICATION_UPPER_LIMIT =
			#{kztxxSpecificationUpperLimit,jdbcType=VARCHAR}
		</if>
		<if test="kztxxTargetValue != null">
			and KZTXX_TARGET_VALUE = #{kztxxTargetValue,jdbcType=VARCHAR}
		</if>
		<if test="kztxxSpecificationDownLimit != null">
			and KZTXX_SPECIFICATION_DOWN_LIMIT =
			#{kztxxSpecificationDownLimit,jdbcType=VARCHAR}
		</if>
		<if test="kztxxSampleCapacity != null">
			and KZTXX_SAMPLE_CAPACITY = #{kztxxSampleCapacity,jdbcType=INTEGER}
		</if>
		<if test="kztxxDecimalNumber != null">
			and KZTXX_DECIMAL_NUMBER = #{kztxxDecimalNumber,jdbcType=INTEGER}
		</if>
		<if test="kztxxAboveUpperControlLimit != null">
			and KZTXX_ABOVE_UPPER_CONTROL_LIMIT =
			#{kztxxAboveUpperControlLimit,jdbcType=VARCHAR}
		</if>
		<if test="kztxxAboveTargetValue != null">
			and KZTXX_ABOVE_TARGET_VALUE = #{kztxxAboveTargetValue,jdbcType=VARCHAR}
		</if>
		<if test="kztxxAboveLowerControlLimit != null">
			and KZTXX_ABOVE_LOWER_CONTROL_LIMIT =
			#{kztxxAboveLowerControlLimit,jdbcType=VARCHAR}
		</if>
		<if test="kztxxFollowGraphUpperControlLimit != null">
			and KZTXX_FOLLOW_GRAPH_UPPER_CONTROL_LIMIT =
			#{kztxxFollowGraphUpperControlLimit,jdbcType=VARCHAR}
		</if>
		<if test="kztxxFollowGraphTargetValue != null">
			and KZTXX_FOLLOW_GRAPH_TARGET_VALUE =
			#{kztxxFollowGraphTargetValue,jdbcType=VARCHAR}
		</if>
		<if test="kztxxFollowGraphLowerControlLimit != null">
			and KZTXX_FOLLOW_GRAPH_LOWER_CONTROL_LIMIT =
			#{kztxxFollowGraphLowerControlLimit,jdbcType=VARCHAR}
		</if>
		<if test="kztxxControlChartDiscription != null">
			and KZTXX_CONTROL_CHART_DISCRIPTION =
			#{kztxxControlChartDiscription,jdbcType=VARCHAR}
		</if>
		<if test="kztxxCustomizedControlChartTitle != null">
			and KZTXX_CUSTOMIZED_CONTROL_CHART_TITLE =
			#{kztxxCustomizedControlChartTitle,jdbcType=VARCHAR}
		</if>
		<if test="kztxxDetectionDeviceId != null">
			and KZTXX_DETECTION_DEVICE_ID =
			#{kztxxDetectionDeviceId,jdbcType=INTEGER}
		</if>
		<if test="kztxxDetectionFrequency != null">
			and KZTXX_DETECTION_FREQUENCY =
			#{kztxxDetectionFrequency,jdbcType=INTEGER}
		</if>
		<if test="kztxxExtend1 != null">
			and KZTXX_EXTEND1 = #{kztxxExtend1,jdbcType=VARCHAR}
		</if>
		<if test="kztxxExtend2 != null">
			and KZTXX_EXTEND2 = #{kztxxExtend2,jdbcType=VARCHAR}
		</if>
		<if test="kztxxExtend3 != null">
			and KZTXX_EXTEND3 = #{kztxxExtend3,jdbcType=VARCHAR}
		</if>
		<if test="kztxxExtend4 != null">
			and KZTXX_EXTEND4 = #{kztxxExtend4,jdbcType=VARCHAR}
		</if>
		<if test="kztxxExtend5 != null">
			and KZTXX_EXTEND5 = #{kztxxExtend5,jdbcType=VARCHAR}
		</if>
		<if test="limit!=null and offset!=null">
			limit #{offset,jdbcType=INTEGER},#{limit,jdbcType=INTEGER}
		</if>
	</select>
	<select id="count" resultType="java.lang.Integer" parameterType="Map">
		select count(*) from control_chart_infomation
		where 1=1
		<if test="kztxxGroupId != null">
			and KZTXX_GROUP_ID = #{kztxxGroupId,jdbcType=INTEGER}
		</if>
		<if test="kztxxNumber != null">
			and KZTXX_NUMBER = #{kztxxNumber,jdbcType=INTEGER}
		</if>
		<if test="kztxxTypeId != null">
			and KZTXX_TYPE_ID = #{kztxxTypeId,jdbcType=INTEGER}
		</if>
		<if test="kztxxDetectionItemId != null">
			and KZTXX_DETECTION_ITEM_ID = #{kztxxDetectionItemId,jdbcType=INTEGER}
		</if>
		<if test="kztxxSpecificationUpperLimit != null">
			and KZTXX_SPECIFICATION_UPPER_LIMIT =
			#{kztxxSpecificationUpperLimit,jdbcType=VARCHAR}
		</if>
		<if test="kztxxTargetValue != null">
			and KZTXX_TARGET_VALUE = #{kztxxTargetValue,jdbcType=VARCHAR}
		</if>
		<if test="kztxxSpecificationDownLimit != null">
			and KZTXX_SPECIFICATION_DOWN_LIMIT =
			#{kztxxSpecificationDownLimit,jdbcType=VARCHAR}
		</if>
		<if test="kztxxSampleCapacity != null">
			and KZTXX_SAMPLE_CAPACITY = #{kztxxSampleCapacity,jdbcType=INTEGER}
		</if>
		<if test="kztxxDecimalNumber != null">
			and KZTXX_DECIMAL_NUMBER = #{kztxxDecimalNumber,jdbcType=INTEGER}
		</if>
		<if test="kztxxAboveUpperControlLimit != null">
			and KZTXX_ABOVE_UPPER_CONTROL_LIMIT =
			#{kztxxAboveUpperControlLimit,jdbcType=VARCHAR}
		</if>
		<if test="kztxxAboveTargetValue != null">
			and KZTXX_ABOVE_TARGET_VALUE = #{kztxxAboveTargetValue,jdbcType=VARCHAR}
		</if>
		<if test="kztxxAboveLowerControlLimit != null">
			and KZTXX_ABOVE_LOWER_CONTROL_LIMIT =
			#{kztxxAboveLowerControlLimit,jdbcType=VARCHAR}
		</if>
		<if test="kztxxFollowGraphUpperControlLimit != null">
			and KZTXX_FOLLOW_GRAPH_UPPER_CONTROL_LIMIT =
			#{kztxxFollowGraphUpperControlLimit,jdbcType=VARCHAR}
		</if>
		<if test="kztxxFollowGraphTargetValue != null">
			and KZTXX_FOLLOW_GRAPH_TARGET_VALUE =
			#{kztxxFollowGraphTargetValue,jdbcType=VARCHAR}
		</if>
		<if test="kztxxFollowGraphLowerControlLimit != null">
			and KZTXX_FOLLOW_GRAPH_LOWER_CONTROL_LIMIT =
			#{kztxxFollowGraphLowerControlLimit,jdbcType=VARCHAR}
		</if>
		<if test="kztxxControlChartDiscription != null">
			and KZTXX_CONTROL_CHART_DISCRIPTION =
			#{kztxxControlChartDiscription,jdbcType=VARCHAR}
		</if>
		<if test="kztxxCustomizedControlChartTitle != null">
			and KZTXX_CUSTOMIZED_CONTROL_CHART_TITLE =
			#{kztxxCustomizedControlChartTitle,jdbcType=VARCHAR}
		</if>
		<if test="kztxxDetectionDeviceId != null">
			and KZTXX_DETECTION_DEVICE_ID =
			#{kztxxDetectionDeviceId,jdbcType=INTEGER}
		</if>
		<if test="kztxxDetectionFrequency != null">
			and KZTXX_DETECTION_FREQUENCY =
			#{kztxxDetectionFrequency,jdbcType=INTEGER}
		</if>
		<if test="kztxxExtend1 != null">
			and KZTXX_EXTEND1 = #{kztxxExtend1,jdbcType=VARCHAR}
		</if>
		<if test="kztxxExtend2 != null">
			and KZTXX_EXTEND2 = #{kztxxExtend2,jdbcType=VARCHAR}
		</if>
		<if test="kztxxExtend3 != null">
			and KZTXX_EXTEND3 = #{kztxxExtend3,jdbcType=VARCHAR}
		</if>
		<if test="kztxxExtend4 != null">
			and KZTXX_EXTEND4 = #{kztxxExtend4,jdbcType=VARCHAR}
		</if>
		<if test="kztxxExtend5 != null">
			and KZTXX_EXTEND5 = #{kztxxExtend5,jdbcType=VARCHAR}
		</if>
	</select>
</mapper>