<?xml version="1.0" encoding="UTF-8" ?>
<!DOCTYPE mapper PUBLIC "-//mybatis.org//DTD Mapper 3.0//EN" "http://mybatis.org/dtd/mybatis-3-mapper.dtd" >
<mapper namespace="com.nbst.dao.mapper.ispcweb.ControlChartTypeMapper">
	<resultMap id="BaseResultMap" type="com.nbst.model.ControlChartType">
		<id column="KZTLX_ID" property="kztlxId" jdbcType="INTEGER" />
		<result column="KZTLX_NAME" property="kztlxName" jdbcType="VARCHAR" />
		<result column="KZTLX_POOR_DEFINITION_STATE" property="kztlxPoorDefinitionState"
			jdbcType="INTEGER" />
		<result column="KZTLX_CREATE_TIME" property="kztlxCreateTime"
			jdbcType="BIGINT" />
		<result column="KZTLX_EXTEND1" property="kztlxExtend1"
			jdbcType="VARCHAR" />
		<result column="KZTLX_EXTEND2" property="kztlxExtend2"
			jdbcType="VARCHAR" />
		<result column="KZTLX_EXTEND3" property="kztlxExtend3"
			jdbcType="VARCHAR" />
		<result column="KZTLX_EXTEND4" property="kztlxExtend4"
			jdbcType="VARCHAR" />
		<result column="KZTLX_EXTEND5" property="kztlxExtend5"
			jdbcType="VARCHAR" />
	</resultMap>
	<sql id="Base_Column_List">
		KZTLX_ID, KZTLX_NAME, KZTLX_POOR_DEFINITION_STATE, KZTLX_CREATE_TIME,
		KZTLX_EXTEND1,
		KZTLX_EXTEND2, KZTLX_EXTEND3, KZTLX_EXTEND4, KZTLX_EXTEND5
	</sql>
	<select id="findById" resultMap="BaseResultMap" parameterType="java.lang.Integer">
		select
		<include refid="Base_Column_List" />
		from control_chart_type
		where KZTLX_ID = #{kztlxId,jdbcType=INTEGER}
	</select>
	<delete id="delete" parameterType="java.lang.Integer">
		delete from control_chart_type
		where KZTLX_ID = #{kztlxId,jdbcType=INTEGER}
	</delete>
	<insert id="insert" parameterType="com.nbst.model.ControlChartType"
		useGeneratedKeys="true" keyProperty="kztlxId">
		insert into control_chart_type
		<trim prefix="(" suffix=")" suffixOverrides=",">
			<if test="kztlxId != null">
				KZTLX_ID,
			</if>
			<if test="kztlxName != null">
				KZTLX_NAME,
			</if>
			<if test="kztlxPoorDefinitionState != null">
				KZTLX_POOR_DEFINITION_STATE,
			</if>
			<if test="kztlxCreateTime != null">
				KZTLX_CREATE_TIME,
			</if>
			<if test="kztlxExtend1 != null">
				KZTLX_EXTEND1,
			</if>
			<if test="kztlxExtend2 != null">
				KZTLX_EXTEND2,
			</if>
			<if test="kztlxExtend3 != null">
				KZTLX_EXTEND3,
			</if>
			<if test="kztlxExtend4 != null">
				KZTLX_EXTEND4,
			</if>
			<if test="kztlxExtend5 != null">
				KZTLX_EXTEND5,
			</if>
		</trim>
		<trim prefix="values (" suffix=")" suffixOverrides=",">
			<if test="kztlxId != null">
				#{kztlxId,jdbcType=INTEGER},
			</if>
			<if test="kztlxName != null">
				#{kztlxName,jdbcType=VARCHAR},
			</if>
			<if test="kztlxPoorDefinitionState != null">
				#{kztlxPoorDefinitionState,jdbcType=INTEGER},
			</if>
			<if test="kztlxCreateTime != null">
				#{kztlxCreateTime,jdbcType=BIGINT},
			</if>
			<if test="kztlxExtend1 != null">
				#{kztlxExtend1,jdbcType=VARCHAR},
			</if>
			<if test="kztlxExtend2 != null">
				#{kztlxExtend2,jdbcType=VARCHAR},
			</if>
			<if test="kztlxExtend3 != null">
				#{kztlxExtend3,jdbcType=VARCHAR},
			</if>
			<if test="kztlxExtend4 != null">
				#{kztlxExtend4,jdbcType=VARCHAR},
			</if>
			<if test="kztlxExtend5 != null">
				#{kztlxExtend5,jdbcType=VARCHAR},
			</if>
		</trim>
	</insert>
	<update id="update" parameterType="com.nbst.model.ControlChartType">
		update control_chart_type
		<set>
			<if test="kztlxName != null">
				KZTLX_NAME = #{kztlxName,jdbcType=VARCHAR},
			</if>
			<if test="kztlxPoorDefinitionState != null">
				KZTLX_POOR_DEFINITION_STATE =
				#{kztlxPoorDefinitionState,jdbcType=INTEGER},
			</if>
			<if test="kztlxCreateTime != null">
				KZTLX_CREATE_TIME = #{kztlxCreateTime,jdbcType=BIGINT},
			</if>
			<if test="kztlxExtend1 != null">
				KZTLX_EXTEND1 = #{kztlxExtend1,jdbcType=VARCHAR},
			</if>
			<if test="kztlxExtend2 != null">
				KZTLX_EXTEND2 = #{kztlxExtend2,jdbcType=VARCHAR},
			</if>
			<if test="kztlxExtend3 != null">
				KZTLX_EXTEND3 = #{kztlxExtend3,jdbcType=VARCHAR},
			</if>
			<if test="kztlxExtend4 != null">
				KZTLX_EXTEND4 = #{kztlxExtend4,jdbcType=VARCHAR},
			</if>
			<if test="kztlxExtend5 != null">
				KZTLX_EXTEND5 = #{kztlxExtend5,jdbcType=VARCHAR},
			</if>
		</set>
		where KZTLX_ID = #{kztlxId,jdbcType=INTEGER}
	</update>
	<select id="findByCondition" resultMap="BaseResultMap" parameterType="map">
		select
		<include refid="Base_Column_List" />
		from control_chart_type
		where 1=1
		<if test="kztlxName != null">
			and KZTLX_NAME = #{kztlxName,jdbcType=VARCHAR}
		</if>
		<if test="kztlxPoorDefinitionState != null">
			and KZTLX_POOR_DEFINITION_STATE =
			#{kztlxPoorDefinitionState,jdbcType=INTEGER}
		</if>
		<if test="kztlxCreateTime != null">
			and KZTLX_CREATE_TIME = #{kztlxCreateTime,jdbcType=BIGINT}
		</if>
		<if test="kztlxExtend1 != null">
			and KZTLX_EXTEND1 = #{kztlxExtend1,jdbcType=VARCHAR}
		</if>
		<if test="kztlxExtend2 != null">
			and KZTLX_EXTEND2 = #{kztlxExtend2,jdbcType=VARCHAR}
		</if>
		<if test="kztlxExtend3 != null">
			and KZTLX_EXTEND3 = #{kztlxExtend3,jdbcType=VARCHAR}
		</if>
		<if test="kztlxExtend4 != null">
			and KZTLX_EXTEND4 = #{kztlxExtend4,jdbcType=VARCHAR}
		</if>
		<if test="kztlxExtend5 != null">
			and KZTLX_EXTEND5 = #{kztlxExtend5,jdbcType=VARCHAR}
		</if>
		<if test="limit!=null and offset!=null">
			limit #{offset,jdbcType=INTEGER},#{limit,jdbcType=INTEGER}
		</if>
	</select>
	<select id="count" resultType="java.lang.Integer" parameterType="Map">
		select count(*) from control_chart_type
		where 1=1
		<if test="kztlxName != null">
			and KZTLX_NAME = #{kztlxName,jdbcType=VARCHAR}
		</if>
		<if test="kztlxPoorDefinitionState != null">
			and KZTLX_POOR_DEFINITION_STATE =
			#{kztlxPoorDefinitionState,jdbcType=INTEGER}
		</if>
		<if test="kztlxCreateTime != null">
			and KZTLX_CREATE_TIME = #{kztlxCreateTime,jdbcType=BIGINT}
		</if>
		<if test="kztlxExtend1 != null">
			and KZTLX_EXTEND1 = #{kztlxExtend1,jdbcType=VARCHAR}
		</if>
		<if test="kztlxExtend2 != null">
			and KZTLX_EXTEND2 = #{kztlxExtend2,jdbcType=VARCHAR}
		</if>
		<if test="kztlxExtend3 != null">
			and KZTLX_EXTEND3 = #{kztlxExtend3,jdbcType=VARCHAR}
		</if>
		<if test="kztlxExtend4 != null">
			and KZTLX_EXTEND4 = #{kztlxExtend4,jdbcType=VARCHAR}
		</if>
		<if test="kztlxExtend5 != null">
			and KZTLX_EXTEND5 = #{kztlxExtend5,jdbcType=VARCHAR}
		</if>
	</select>
</mapper>