<?xml version="1.0" encoding="UTF-8" ?>
<!DOCTYPE mapper PUBLIC "-//mybatis.org//DTD Mapper 3.0//EN" "http://mybatis.org/dtd/mybatis-3-mapper.dtd" >
<mapper namespace="com.nbst.dao.mapper.ispcweb.CpkAnalyzeDataMapper">
	<resultMap id="BaseResultMap" type="com.nbst.model.CpkAnalyzeData">
		<id column="CPKFXSJ_CPK_ANALYZE_DIAGRAM_ID" property="cpkfxsjCpkAnalyzeDiagramId"
			jdbcType="INTEGER" />
		<result column="CPKFXSJ_CONTROL_CHART_ID" property="cpkfxsjControlChartId"
			jdbcType="INTEGER" />
		<result column="CPKFXSJ_SAMPLE_COUNT" property="cpkfxsjSampleCount"
			jdbcType="INTEGER" />
		<result column="CPKFXSJ_AVREAGE_VALUE" property="cpkfxsjAvreageValue"
			jdbcType="VARCHAR" />
		<result column="CPKFXSJ_MAXIMUM_VALUE" property="cpkfxsjMaximumValue"
			jdbcType="VARCHAR" />
		<result column="CPKFXSJ_MINIMUM_VALUE" property="cpkfxsjMinimumValue"
			jdbcType="VARCHAR" />
		<result column="CPKFXSJ_SUBGROUP_SIZE" property="cpkfxsjSubgroupSize"
			jdbcType="VARCHAR" />
		<result column="CPKFXSJ_STANDARD_UPPER_LIMIT" property="cpkfxsjStandardUpperLimit"
			jdbcType="VARCHAR" />
		<result column="CPKFXSJ_TARGET_VALUE" property="cpkfxsjTargetValue"
			jdbcType="VARCHAR" />
		<result column="CPKFXSJ_SPECIFICATION_DOWN_LIMIT" property="cpkfxsjSpecificationDownLimit"
			jdbcType="VARCHAR" />
		<result column="CPKFXSJ_STANDARD_DEVIATION_BETWWEN_GROUPS"
			property="cpkfxsjStandardDeviationBetwwenGroups" jdbcType="VARCHAR" />
		<result column="CPKFXSJ_STANDARD_DEVIATION_IN_GROUPS" property="cpkfxsjStandardDeviationInGroups"
			jdbcType="VARCHAR" />
		<result
			column="CPKFXSJ_STANDARD_DEVIATION_BETWWEN_GROUPS_DIVIDED_BY_IN_GROUPS"
			property="cpkfxsjStandardDeviationBetwwenGroupsDividedByInGroups"
			jdbcType="VARCHAR" />
		<result column="CPKFXSJ_STANDARD_DEVIATION_TOTAL" property="cpkfxsjStandardDeviationTotal"
			jdbcType="VARCHAR" />
		<result column="CPKFXSJ_THREE_TIMES_OF_STANDARD_DEVIATION"
			property="cpkfxsjThreeTimesOfStandardDeviation" jdbcType="VARCHAR" />
		<result column="CPKFXSJ_THREE_NEGATIVE_TIMES_OF_STANDARD_DEVIATION"
			property="cpkfxsjThreeNegativeTimesOfStandardDeviation" jdbcType="VARCHAR" />
		<result column="CPKFXSJ_CPK" property="cpkfxsjCpk" jdbcType="VARCHAR" />
		<result column="CPKFXSJ_CP" property="cpkfxsjCp" jdbcType="VARCHAR" />
		<result column="CPKFXSJ_CPL" property="cpkfxsjCpl" jdbcType="VARCHAR" />
		<result column="CPKFXSJ_CPU" property="cpkfxsjCpu" jdbcType="VARCHAR" />
		<result column="CPKFXSJ_PPK" property="cpkfxsjPpk" jdbcType="VARCHAR" />
		<result column="CPKFXSJ_PP" property="cpkfxsjPp" jdbcType="VARCHAR" />
		<result column="CPKFXSJ_PPL" property="cpkfxsjPpl" jdbcType="VARCHAR" />
		<result column="CPKFXSJ_PPU" property="cpkfxsjPpu" jdbcType="VARCHAR" />
		<result column="CPKFXSJ_CA" property="cpkfxsjCa" jdbcType="VARCHAR" />
		<result column="CPKFXSJ_PPM_LESS_THAN_LSL_MEASURED" property="cpkfxsjPpmLessThanLslMeasured"
			jdbcType="VARCHAR" />
		<result column="CPKFXSJ_PPM_MORE_THAN_USL_MEASURED" property="cpkfxsjPpmMoreThanUslMeasured"
			jdbcType="VARCHAR" />
		<result column="CPKFXSJ_PPM_TOTAL_MEASURED" property="cpkfxsjPpmTotalMeasured"
			jdbcType="VARCHAR" />
		<result column="CPKFXSJ_PPM_LESS_THAN_LSL_ESTIMATIED_IN_GROUP"
			property="cpkfxsjPpmLessThanLslEstimatiedInGroup" jdbcType="VARCHAR" />
		<result column="CPKFXSJ_PPM_MORE_THAN_USL_ESTIMATIED_IN_GROUP"
			property="cpkfxsjPpmMoreThanUslEstimatiedInGroup" jdbcType="VARCHAR" />
		<result column="CPKFXSJ_PPM_TOTAL_ESTIMATED_IN_GROUP" property="cpkfxsjPpmTotalEstimatedInGroup"
			jdbcType="VARCHAR" />
		<result column="CPKFXSJ_PPM_LESS_THAN_LSL_ESTIMATIED_TOTALLY"
			property="cpkfxsjPpmLessThanLslEstimatiedTotally" jdbcType="VARCHAR" />
		<result column="CPKFXSJ_PPM_MORE_THAN_USL_ESTIMATIED_TOTALLY"
			property="cpkfxsjPpmMoreThanUslEstimatiedTotally" jdbcType="VARCHAR" />
		<result column="CPKFXSJ_PPM_TOTAL_ESTIMATED_ESTIMATIED_TOTALLY"
			property="cpkfxsjPpmTotalEstimatedEstimatiedTotally" jdbcType="VARCHAR" />
		<result column="CPKFXSJ_EXTEND1" property="cpkfxsjExtend1"
			jdbcType="VARCHAR" />
		<result column="CPKFXSJ_EXTEND2" property="cpkfxsjExtend2"
			jdbcType="VARCHAR" />
		<result column="CPKFXSJ_EXTEND3" property="cpkfxsjExtend3"
			jdbcType="VARCHAR" />
		<result column="CPKFXSJ_EXTEND4" property="cpkfxsjExtend4"
			jdbcType="VARCHAR" />
		<result column="CPKFXSJ_EXTEND5" property="cpkfxsjExtend5"
			jdbcType="VARCHAR" />
	</resultMap>
	<sql id="Base_Column_List">
		CPKFXSJ_CPK_ANALYZE_DIAGRAM_ID, CPKFXSJ_CONTROL_CHART_ID, CPKFXSJ_SAMPLE_COUNT,
		CPKFXSJ_AVREAGE_VALUE,
		CPKFXSJ_MAXIMUM_VALUE, CPKFXSJ_MINIMUM_VALUE, CPKFXSJ_SUBGROUP_SIZE,
		CPKFXSJ_STANDARD_UPPER_LIMIT,
		CPKFXSJ_TARGET_VALUE, CPKFXSJ_SPECIFICATION_DOWN_LIMIT,
		CPKFXSJ_STANDARD_DEVIATION_BETWWEN_GROUPS,
		CPKFXSJ_STANDARD_DEVIATION_IN_GROUPS,
		CPKFXSJ_STANDARD_DEVIATION_BETWWEN_GROUPS_DIVIDED_BY_IN_GROUPS,
		CPKFXSJ_STANDARD_DEVIATION_TOTAL,
		CPKFXSJ_THREE_TIMES_OF_STANDARD_DEVIATION,
		CPKFXSJ_THREE_NEGATIVE_TIMES_OF_STANDARD_DEVIATION,
		CPKFXSJ_CPK, CPKFXSJ_CP, CPKFXSJ_CPL, CPKFXSJ_CPU, CPKFXSJ_PPK, CPKFXSJ_PP,
		CPKFXSJ_PPL,
		CPKFXSJ_PPU, CPKFXSJ_CA, CPKFXSJ_PPM_LESS_THAN_LSL_MEASURED,
		CPKFXSJ_PPM_MORE_THAN_USL_MEASURED,
		CPKFXSJ_PPM_TOTAL_MEASURED, CPKFXSJ_PPM_LESS_THAN_LSL_ESTIMATIED_IN_GROUP,
		CPKFXSJ_PPM_MORE_THAN_USL_ESTIMATIED_IN_GROUP,
		CPKFXSJ_PPM_TOTAL_ESTIMATED_IN_GROUP,
		CPKFXSJ_PPM_LESS_THAN_LSL_ESTIMATIED_TOTALLY,
		CPKFXSJ_PPM_MORE_THAN_USL_ESTIMATIED_TOTALLY,
		CPKFXSJ_PPM_TOTAL_ESTIMATED_ESTIMATIED_TOTALLY,
		CPKFXSJ_EXTEND1, CPKFXSJ_EXTEND2, CPKFXSJ_EXTEND3, CPKFXSJ_EXTEND4, CPKFXSJ_EXTEND5
	</sql>
	<select id="findById" resultMap="BaseResultMap" parameterType="java.lang.Integer">
		select
		<include refid="Base_Column_List" />
		from cpk_analyze_data
		where CPKFXSJ_CPK_ANALYZE_DIAGRAM_ID =
		#{cpkfxsjCpkAnalyzeDiagramId,jdbcType=INTEGER}
	</select>
	<delete id="delete" parameterType="java.lang.Integer">
		delete from cpk_analyze_data
		where CPKFXSJ_CPK_ANALYZE_DIAGRAM_ID =
		#{cpkfxsjCpkAnalyzeDiagramId,jdbcType=INTEGER}
	</delete>
	<insert id="insert" parameterType="com.nbst.model.CpkAnalyzeData"
		useGeneratedKeys="true" keyProperty="cpkfxsjCpkAnalyzeDiagramId">
		insert into cpk_analyze_data
		<trim prefix="(" suffix=")" suffixOverrides=",">
			<if test="cpkfxsjCpkAnalyzeDiagramId != null">
				CPKFXSJ_CPK_ANALYZE_DIAGRAM_ID,
			</if>
			<if test="cpkfxsjControlChartId != null">
				CPKFXSJ_CONTROL_CHART_ID,
			</if>
			<if test="cpkfxsjSampleCount != null">
				CPKFXSJ_SAMPLE_COUNT,
			</if>
			<if test="cpkfxsjAvreageValue != null">
				CPKFXSJ_AVREAGE_VALUE,
			</if>
			<if test="cpkfxsjMaximumValue != null">
				CPKFXSJ_MAXIMUM_VALUE,
			</if>
			<if test="cpkfxsjMinimumValue != null">
				CPKFXSJ_MINIMUM_VALUE,
			</if>
			<if test="cpkfxsjSubgroupSize != null">
				CPKFXSJ_SUBGROUP_SIZE,
			</if>
			<if test="cpkfxsjStandardUpperLimit != null">
				CPKFXSJ_STANDARD_UPPER_LIMIT,
			</if>
			<if test="cpkfxsjTargetValue != null">
				CPKFXSJ_TARGET_VALUE,
			</if>
			<if test="cpkfxsjSpecificationDownLimit != null">
				CPKFXSJ_SPECIFICATION_DOWN_LIMIT,
			</if>
			<if test="cpkfxsjStandardDeviationBetwwenGroups != null">
				CPKFXSJ_STANDARD_DEVIATION_BETWWEN_GROUPS,
			</if>
			<if test="cpkfxsjStandardDeviationInGroups != null">
				CPKFXSJ_STANDARD_DEVIATION_IN_GROUPS,
			</if>
			<if test="cpkfxsjStandardDeviationBetwwenGroupsDividedByInGroups != null">
				CPKFXSJ_STANDARD_DEVIATION_BETWWEN_GROUPS_DIVIDED_BY_IN_GROUPS,
			</if>
			<if test="cpkfxsjStandardDeviationTotal != null">
				CPKFXSJ_STANDARD_DEVIATION_TOTAL,
			</if>
			<if test="cpkfxsjThreeTimesOfStandardDeviation != null">
				CPKFXSJ_THREE_TIMES_OF_STANDARD_DEVIATION,
			</if>
			<if test="cpkfxsjThreeNegativeTimesOfStandardDeviation != null">
				CPKFXSJ_THREE_NEGATIVE_TIMES_OF_STANDARD_DEVIATION,
			</if>
			<if test="cpkfxsjCpk != null">
				CPKFXSJ_CPK,
			</if>
			<if test="cpkfxsjCp != null">
				CPKFXSJ_CP,
			</if>
			<if test="cpkfxsjCpl != null">
				CPKFXSJ_CPL,
			</if>
			<if test="cpkfxsjCpu != null">
				CPKFXSJ_CPU,
			</if>
			<if test="cpkfxsjPpk != null">
				CPKFXSJ_PPK,
			</if>
			<if test="cpkfxsjPp != null">
				CPKFXSJ_PP,
			</if>
			<if test="cpkfxsjPpl != null">
				CPKFXSJ_PPL,
			</if>
			<if test="cpkfxsjPpu != null">
				CPKFXSJ_PPU,
			</if>
			<if test="cpkfxsjCa != null">
				CPKFXSJ_CA,
			</if>
			<if test="cpkfxsjPpmLessThanLslMeasured != null">
				CPKFXSJ_PPM_LESS_THAN_LSL_MEASURED,
			</if>
			<if test="cpkfxsjPpmMoreThanUslMeasured != null">
				CPKFXSJ_PPM_MORE_THAN_USL_MEASURED,
			</if>
			<if test="cpkfxsjPpmTotalMeasured != null">
				CPKFXSJ_PPM_TOTAL_MEASURED,
			</if>
			<if test="cpkfxsjPpmLessThanLslEstimatiedInGroup != null">
				CPKFXSJ_PPM_LESS_THAN_LSL_ESTIMATIED_IN_GROUP,
			</if>
			<if test="cpkfxsjPpmMoreThanUslEstimatiedInGroup != null">
				CPKFXSJ_PPM_MORE_THAN_USL_ESTIMATIED_IN_GROUP,
			</if>
			<if test="cpkfxsjPpmTotalEstimatedInGroup != null">
				CPKFXSJ_PPM_TOTAL_ESTIMATED_IN_GROUP,
			</if>
			<if test="cpkfxsjPpmLessThanLslEstimatiedTotally != null">
				CPKFXSJ_PPM_LESS_THAN_LSL_ESTIMATIED_TOTALLY,
			</if>
			<if test="cpkfxsjPpmMoreThanUslEstimatiedTotally != null">
				CPKFXSJ_PPM_MORE_THAN_USL_ESTIMATIED_TOTALLY,
			</if>
			<if test="cpkfxsjPpmTotalEstimatedEstimatiedTotally != null">
				CPKFXSJ_PPM_TOTAL_ESTIMATED_ESTIMATIED_TOTALLY,
			</if>
			<if test="cpkfxsjExtend1 != null">
				CPKFXSJ_EXTEND1,
			</if>
			<if test="cpkfxsjExtend2 != null">
				CPKFXSJ_EXTEND2,
			</if>
			<if test="cpkfxsjExtend3 != null">
				CPKFXSJ_EXTEND3,
			</if>
			<if test="cpkfxsjExtend4 != null">
				CPKFXSJ_EXTEND4,
			</if>
			<if test="cpkfxsjExtend5 != null">
				CPKFXSJ_EXTEND5,
			</if>
		</trim>
		<trim prefix="values (" suffix=")" suffixOverrides=",">
			<if test="cpkfxsjCpkAnalyzeDiagramId != null">
				#{cpkfxsjCpkAnalyzeDiagramId,jdbcType=INTEGER},
			</if>
			<if test="cpkfxsjControlChartId != null">
				#{cpkfxsjControlChartId,jdbcType=INTEGER},
			</if>
			<if test="cpkfxsjSampleCount != null">
				#{cpkfxsjSampleCount,jdbcType=INTEGER},
			</if>
			<if test="cpkfxsjAvreageValue != null">
				#{cpkfxsjAvreageValue,jdbcType=VARCHAR},
			</if>
			<if test="cpkfxsjMaximumValue != null">
				#{cpkfxsjMaximumValue,jdbcType=VARCHAR},
			</if>
			<if test="cpkfxsjMinimumValue != null">
				#{cpkfxsjMinimumValue,jdbcType=VARCHAR},
			</if>
			<if test="cpkfxsjSubgroupSize != null">
				#{cpkfxsjSubgroupSize,jdbcType=VARCHAR},
			</if>
			<if test="cpkfxsjStandardUpperLimit != null">
				#{cpkfxsjStandardUpperLimit,jdbcType=VARCHAR},
			</if>
			<if test="cpkfxsjTargetValue != null">
				#{cpkfxsjTargetValue,jdbcType=VARCHAR},
			</if>
			<if test="cpkfxsjSpecificationDownLimit != null">
				#{cpkfxsjSpecificationDownLimit,jdbcType=VARCHAR},
			</if>
			<if test="cpkfxsjStandardDeviationBetwwenGroups != null">
				#{cpkfxsjStandardDeviationBetwwenGroups,jdbcType=VARCHAR},
			</if>
			<if test="cpkfxsjStandardDeviationInGroups != null">
				#{cpkfxsjStandardDeviationInGroups,jdbcType=VARCHAR},
			</if>
			<if test="cpkfxsjStandardDeviationBetwwenGroupsDividedByInGroups != null">
				#{cpkfxsjStandardDeviationBetwwenGroupsDividedByInGroups,jdbcType=VARCHAR},
			</if>
			<if test="cpkfxsjStandardDeviationTotal != null">
				#{cpkfxsjStandardDeviationTotal,jdbcType=VARCHAR},
			</if>
			<if test="cpkfxsjThreeTimesOfStandardDeviation != null">
				#{cpkfxsjThreeTimesOfStandardDeviation,jdbcType=VARCHAR},
			</if>
			<if test="cpkfxsjThreeNegativeTimesOfStandardDeviation != null">
				#{cpkfxsjThreeNegativeTimesOfStandardDeviation,jdbcType=VARCHAR},
			</if>
			<if test="cpkfxsjCpk != null">
				#{cpkfxsjCpk,jdbcType=VARCHAR},
			</if>
			<if test="cpkfxsjCp != null">
				#{cpkfxsjCp,jdbcType=VARCHAR},
			</if>
			<if test="cpkfxsjCpl != null">
				#{cpkfxsjCpl,jdbcType=VARCHAR},
			</if>
			<if test="cpkfxsjCpu != null">
				#{cpkfxsjCpu,jdbcType=VARCHAR},
			</if>
			<if test="cpkfxsjPpk != null">
				#{cpkfxsjPpk,jdbcType=VARCHAR},
			</if>
			<if test="cpkfxsjPp != null">
				#{cpkfxsjPp,jdbcType=VARCHAR},
			</if>
			<if test="cpkfxsjPpl != null">
				#{cpkfxsjPpl,jdbcType=VARCHAR},
			</if>
			<if test="cpkfxsjPpu != null">
				#{cpkfxsjPpu,jdbcType=VARCHAR},
			</if>
			<if test="cpkfxsjCa != null">
				#{cpkfxsjCa,jdbcType=VARCHAR},
			</if>
			<if test="cpkfxsjPpmLessThanLslMeasured != null">
				#{cpkfxsjPpmLessThanLslMeasured,jdbcType=VARCHAR},
			</if>
			<if test="cpkfxsjPpmMoreThanUslMeasured != null">
				#{cpkfxsjPpmMoreThanUslMeasured,jdbcType=VARCHAR},
			</if>
			<if test="cpkfxsjPpmTotalMeasured != null">
				#{cpkfxsjPpmTotalMeasured,jdbcType=VARCHAR},
			</if>
			<if test="cpkfxsjPpmLessThanLslEstimatiedInGroup != null">
				#{cpkfxsjPpmLessThanLslEstimatiedInGroup,jdbcType=VARCHAR},
			</if>
			<if test="cpkfxsjPpmMoreThanUslEstimatiedInGroup != null">
				#{cpkfxsjPpmMoreThanUslEstimatiedInGroup,jdbcType=VARCHAR},
			</if>
			<if test="cpkfxsjPpmTotalEstimatedInGroup != null">
				#{cpkfxsjPpmTotalEstimatedInGroup,jdbcType=VARCHAR},
			</if>
			<if test="cpkfxsjPpmLessThanLslEstimatiedTotally != null">
				#{cpkfxsjPpmLessThanLslEstimatiedTotally,jdbcType=VARCHAR},
			</if>
			<if test="cpkfxsjPpmMoreThanUslEstimatiedTotally != null">
				#{cpkfxsjPpmMoreThanUslEstimatiedTotally,jdbcType=VARCHAR},
			</if>
			<if test="cpkfxsjPpmTotalEstimatedEstimatiedTotally != null">
				#{cpkfxsjPpmTotalEstimatedEstimatiedTotally,jdbcType=VARCHAR},
			</if>
			<if test="cpkfxsjExtend1 != null">
				#{cpkfxsjExtend1,jdbcType=VARCHAR},
			</if>
			<if test="cpkfxsjExtend2 != null">
				#{cpkfxsjExtend2,jdbcType=VARCHAR},
			</if>
			<if test="cpkfxsjExtend3 != null">
				#{cpkfxsjExtend3,jdbcType=VARCHAR},
			</if>
			<if test="cpkfxsjExtend4 != null">
				#{cpkfxsjExtend4,jdbcType=VARCHAR},
			</if>
			<if test="cpkfxsjExtend5 != null">
				#{cpkfxsjExtend5,jdbcType=VARCHAR},
			</if>
		</trim>
	</insert>
	<update id="update" parameterType="com.nbst.model.CpkAnalyzeData">
		update cpk_analyze_data
		<set>
			<if test="cpkfxsjControlChartId != null">
				CPKFXSJ_CONTROL_CHART_ID = #{cpkfxsjControlChartId,jdbcType=INTEGER},
			</if>
			<if test="cpkfxsjSampleCount != null">
				CPKFXSJ_SAMPLE_COUNT = #{cpkfxsjSampleCount,jdbcType=INTEGER},
			</if>
			<if test="cpkfxsjAvreageValue != null">
				CPKFXSJ_AVREAGE_VALUE = #{cpkfxsjAvreageValue,jdbcType=VARCHAR},
			</if>
			<if test="cpkfxsjMaximumValue != null">
				CPKFXSJ_MAXIMUM_VALUE = #{cpkfxsjMaximumValue,jdbcType=VARCHAR},
			</if>
			<if test="cpkfxsjMinimumValue != null">
				CPKFXSJ_MINIMUM_VALUE = #{cpkfxsjMinimumValue,jdbcType=VARCHAR},
			</if>
			<if test="cpkfxsjSubgroupSize != null">
				CPKFXSJ_SUBGROUP_SIZE = #{cpkfxsjSubgroupSize,jdbcType=VARCHAR},
			</if>
			<if test="cpkfxsjStandardUpperLimit != null">
				CPKFXSJ_STANDARD_UPPER_LIMIT =
				#{cpkfxsjStandardUpperLimit,jdbcType=VARCHAR},
			</if>
			<if test="cpkfxsjTargetValue != null">
				CPKFXSJ_TARGET_VALUE = #{cpkfxsjTargetValue,jdbcType=VARCHAR},
			</if>
			<if test="cpkfxsjSpecificationDownLimit != null">
				CPKFXSJ_SPECIFICATION_DOWN_LIMIT =
				#{cpkfxsjSpecificationDownLimit,jdbcType=VARCHAR},
			</if>
			<if test="cpkfxsjStandardDeviationBetwwenGroups != null">
				CPKFXSJ_STANDARD_DEVIATION_BETWWEN_GROUPS =
				#{cpkfxsjStandardDeviationBetwwenGroups,jdbcType=VARCHAR},
			</if>
			<if test="cpkfxsjStandardDeviationInGroups != null">
				CPKFXSJ_STANDARD_DEVIATION_IN_GROUPS =
				#{cpkfxsjStandardDeviationInGroups,jdbcType=VARCHAR},
			</if>
			<if test="cpkfxsjStandardDeviationBetwwenGroupsDividedByInGroups != null">
				CPKFXSJ_STANDARD_DEVIATION_BETWWEN_GROUPS_DIVIDED_BY_IN_GROUPS =
				#{cpkfxsjStandardDeviationBetwwenGroupsDividedByInGroups,jdbcType=VARCHAR},
			</if>
			<if test="cpkfxsjStandardDeviationTotal != null">
				CPKFXSJ_STANDARD_DEVIATION_TOTAL =
				#{cpkfxsjStandardDeviationTotal,jdbcType=VARCHAR},
			</if>
			<if test="cpkfxsjThreeTimesOfStandardDeviation != null">
				CPKFXSJ_THREE_TIMES_OF_STANDARD_DEVIATION =
				#{cpkfxsjThreeTimesOfStandardDeviation,jdbcType=VARCHAR},
			</if>
			<if test="cpkfxsjThreeNegativeTimesOfStandardDeviation != null">
				CPKFXSJ_THREE_NEGATIVE_TIMES_OF_STANDARD_DEVIATION =
				#{cpkfxsjThreeNegativeTimesOfStandardDeviation,jdbcType=VARCHAR},
			</if>
			<if test="cpkfxsjCpk != null">
				CPKFXSJ_CPK = #{cpkfxsjCpk,jdbcType=VARCHAR},
			</if>
			<if test="cpkfxsjCp != null">
				CPKFXSJ_CP = #{cpkfxsjCp,jdbcType=VARCHAR},
			</if>
			<if test="cpkfxsjCpl != null">
				CPKFXSJ_CPL = #{cpkfxsjCpl,jdbcType=VARCHAR},
			</if>
			<if test="cpkfxsjCpu != null">
				CPKFXSJ_CPU = #{cpkfxsjCpu,jdbcType=VARCHAR},
			</if>
			<if test="cpkfxsjPpk != null">
				CPKFXSJ_PPK = #{cpkfxsjPpk,jdbcType=VARCHAR},
			</if>
			<if test="cpkfxsjPp != null">
				CPKFXSJ_PP = #{cpkfxsjPp,jdbcType=VARCHAR},
			</if>
			<if test="cpkfxsjPpl != null">
				CPKFXSJ_PPL = #{cpkfxsjPpl,jdbcType=VARCHAR},
			</if>
			<if test="cpkfxsjPpu != null">
				CPKFXSJ_PPU = #{cpkfxsjPpu,jdbcType=VARCHAR},
			</if>
			<if test="cpkfxsjCa != null">
				CPKFXSJ_CA = #{cpkfxsjCa,jdbcType=VARCHAR},
			</if>
			<if test="cpkfxsjPpmLessThanLslMeasured != null">
				CPKFXSJ_PPM_LESS_THAN_LSL_MEASURED =
				#{cpkfxsjPpmLessThanLslMeasured,jdbcType=VARCHAR},
			</if>
			<if test="cpkfxsjPpmMoreThanUslMeasured != null">
				CPKFXSJ_PPM_MORE_THAN_USL_MEASURED =
				#{cpkfxsjPpmMoreThanUslMeasured,jdbcType=VARCHAR},
			</if>
			<if test="cpkfxsjPpmTotalMeasured != null">
				CPKFXSJ_PPM_TOTAL_MEASURED =
				#{cpkfxsjPpmTotalMeasured,jdbcType=VARCHAR},
			</if>
			<if test="cpkfxsjPpmLessThanLslEstimatiedInGroup != null">
				CPKFXSJ_PPM_LESS_THAN_LSL_ESTIMATIED_IN_GROUP =
				#{cpkfxsjPpmLessThanLslEstimatiedInGroup,jdbcType=VARCHAR},
			</if>
			<if test="cpkfxsjPpmMoreThanUslEstimatiedInGroup != null">
				CPKFXSJ_PPM_MORE_THAN_USL_ESTIMATIED_IN_GROUP =
				#{cpkfxsjPpmMoreThanUslEstimatiedInGroup,jdbcType=VARCHAR},
			</if>
			<if test="cpkfxsjPpmTotalEstimatedInGroup != null">
				CPKFXSJ_PPM_TOTAL_ESTIMATED_IN_GROUP =
				#{cpkfxsjPpmTotalEstimatedInGroup,jdbcType=VARCHAR},
			</if>
			<if test="cpkfxsjPpmLessThanLslEstimatiedTotally != null">
				CPKFXSJ_PPM_LESS_THAN_LSL_ESTIMATIED_TOTALLY =
				#{cpkfxsjPpmLessThanLslEstimatiedTotally,jdbcType=VARCHAR},
			</if>
			<if test="cpkfxsjPpmMoreThanUslEstimatiedTotally != null">
				CPKFXSJ_PPM_MORE_THAN_USL_ESTIMATIED_TOTALLY =
				#{cpkfxsjPpmMoreThanUslEstimatiedTotally,jdbcType=VARCHAR},
			</if>
			<if test="cpkfxsjPpmTotalEstimatedEstimatiedTotally != null">
				CPKFXSJ_PPM_TOTAL_ESTIMATED_ESTIMATIED_TOTALLY =
				#{cpkfxsjPpmTotalEstimatedEstimatiedTotally,jdbcType=VARCHAR},
			</if>
			<if test="cpkfxsjExtend1 != null">
				CPKFXSJ_EXTEND1 = #{cpkfxsjExtend1,jdbcType=VARCHAR},
			</if>
			<if test="cpkfxsjExtend2 != null">
				CPKFXSJ_EXTEND2 = #{cpkfxsjExtend2,jdbcType=VARCHAR},
			</if>
			<if test="cpkfxsjExtend3 != null">
				CPKFXSJ_EXTEND3 = #{cpkfxsjExtend3,jdbcType=VARCHAR},
			</if>
			<if test="cpkfxsjExtend4 != null">
				CPKFXSJ_EXTEND4 = #{cpkfxsjExtend4,jdbcType=VARCHAR},
			</if>
			<if test="cpkfxsjExtend5 != null">
				CPKFXSJ_EXTEND5 = #{cpkfxsjExtend5,jdbcType=VARCHAR},
			</if>
		</set>
		where CPKFXSJ_CPK_ANALYZE_DIAGRAM_ID =
		#{cpkfxsjCpkAnalyzeDiagramId,jdbcType=INTEGER}
	</update>
	<select id="findByCondition" resultMap="BaseResultMap"
		parameterType="map">
		select
		<include refid="Base_Column_List" />
		from cpk_analyze_data
		where 1=1
		<if test="cpkfxsjControlChartId != null">
			and CPKFXSJ_CONTROL_CHART_ID = #{cpkfxsjControlChartId,jdbcType=INTEGER}
		</if>
		<if test="cpkfxsjSampleCount != null">
			and CPKFXSJ_SAMPLE_COUNT = #{cpkfxsjSampleCount,jdbcType=INTEGER}
		</if>
		<if test="cpkfxsjAvreageValue != null">
			and CPKFXSJ_AVREAGE_VALUE = #{cpkfxsjAvreageValue,jdbcType=VARCHAR}
		</if>
		<if test="cpkfxsjMaximumValue != null">
			and CPKFXSJ_MAXIMUM_VALUE = #{cpkfxsjMaximumValue,jdbcType=VARCHAR}
		</if>
		<if test="cpkfxsjMinimumValue != null">
			and CPKFXSJ_MINIMUM_VALUE = #{cpkfxsjMinimumValue,jdbcType=VARCHAR}
		</if>
		<if test="cpkfxsjSubgroupSize != null">
			and CPKFXSJ_SUBGROUP_SIZE = #{cpkfxsjSubgroupSize,jdbcType=VARCHAR}
		</if>
		<if test="cpkfxsjStandardUpperLimit != null">
			and CPKFXSJ_STANDARD_UPPER_LIMIT =
			#{cpkfxsjStandardUpperLimit,jdbcType=VARCHAR}
		</if>
		<if test="cpkfxsjTargetValue != null">
			and CPKFXSJ_TARGET_VALUE = #{cpkfxsjTargetValue,jdbcType=VARCHAR}
		</if>
		<if test="cpkfxsjSpecificationDownLimit != null">
			and CPKFXSJ_SPECIFICATION_DOWN_LIMIT =
			#{cpkfxsjSpecificationDownLimit,jdbcType=VARCHAR}
		</if>
		<if test="cpkfxsjStandardDeviationBetwwenGroups != null">
			and CPKFXSJ_STANDARD_DEVIATION_BETWWEN_GROUPS =
			#{cpkfxsjStandardDeviationBetwwenGroups,jdbcType=VARCHAR}
		</if>
		<if test="cpkfxsjStandardDeviationInGroups != null">
			and CPKFXSJ_STANDARD_DEVIATION_IN_GROUPS =
			#{cpkfxsjStandardDeviationInGroups,jdbcType=VARCHAR}
		</if>
		<if test="cpkfxsjStandardDeviationBetwwenGroupsDividedByInGroups != null">
			and CPKFXSJ_STANDARD_DEVIATION_BETWWEN_GROUPS_DIVIDED_BY_IN_GROUPS =
			#{cpkfxsjStandardDeviationBetwwenGroupsDividedByInGroups,jdbcType=VARCHAR}
		</if>
		<if test="cpkfxsjStandardDeviationTotal != null">
			and CPKFXSJ_STANDARD_DEVIATION_TOTAL =
			#{cpkfxsjStandardDeviationTotal,jdbcType=VARCHAR}
		</if>
		<if test="cpkfxsjThreeTimesOfStandardDeviation != null">
			and CPKFXSJ_THREE_TIMES_OF_STANDARD_DEVIATION =
			#{cpkfxsjThreeTimesOfStandardDeviation,jdbcType=VARCHAR}
		</if>
		<if test="cpkfxsjThreeNegativeTimesOfStandardDeviation != null">
			and CPKFXSJ_THREE_NEGATIVE_TIMES_OF_STANDARD_DEVIATION =
			#{cpkfxsjThreeNegativeTimesOfStandardDeviation,jdbcType=VARCHAR}
		</if>
		<if test="cpkfxsjCpk != null">
			and CPKFXSJ_CPK = #{cpkfxsjCpk,jdbcType=VARCHAR}
		</if>
		<if test="cpkfxsjCp != null">
			and CPKFXSJ_CP = #{cpkfxsjCp,jdbcType=VARCHAR}
		</if>
		<if test="cpkfxsjCpl != null">
			and CPKFXSJ_CPL = #{cpkfxsjCpl,jdbcType=VARCHAR}
		</if>
		<if test="cpkfxsjCpu != null">
			and CPKFXSJ_CPU = #{cpkfxsjCpu,jdbcType=VARCHAR}
		</if>
		<if test="cpkfxsjPpk != null">
			and CPKFXSJ_PPK = #{cpkfxsjPpk,jdbcType=VARCHAR}
		</if>
		<if test="cpkfxsjPp != null">
			and CPKFXSJ_PP = #{cpkfxsjPp,jdbcType=VARCHAR}
		</if>
		<if test="cpkfxsjPpl != null">
			and CPKFXSJ_PPL = #{cpkfxsjPpl,jdbcType=VARCHAR}
		</if>
		<if test="cpkfxsjPpu != null">
			and CPKFXSJ_PPU = #{cpkfxsjPpu,jdbcType=VARCHAR}
		</if>
		<if test="cpkfxsjCa != null">
			and CPKFXSJ_CA = #{cpkfxsjCa,jdbcType=VARCHAR}
		</if>
		<if test="cpkfxsjPpmLessThanLslMeasured != null">
			and CPKFXSJ_PPM_LESS_THAN_LSL_MEASURED =
			#{cpkfxsjPpmLessThanLslMeasured,jdbcType=VARCHAR}
		</if>
		<if test="cpkfxsjPpmMoreThanUslMeasured != null">
			and CPKFXSJ_PPM_MORE_THAN_USL_MEASURED =
			#{cpkfxsjPpmMoreThanUslMeasured,jdbcType=VARCHAR}
		</if>
		<if test="cpkfxsjPpmTotalMeasured != null">
			and CPKFXSJ_PPM_TOTAL_MEASURED =
			#{cpkfxsjPpmTotalMeasured,jdbcType=VARCHAR}
		</if>
		<if test="cpkfxsjPpmLessThanLslEstimatiedInGroup != null">
			and CPKFXSJ_PPM_LESS_THAN_LSL_ESTIMATIED_IN_GROUP =
			#{cpkfxsjPpmLessThanLslEstimatiedInGroup,jdbcType=VARCHAR}
		</if>
		<if test="cpkfxsjPpmMoreThanUslEstimatiedInGroup != null">
			and CPKFXSJ_PPM_MORE_THAN_USL_ESTIMATIED_IN_GROUP =
			#{cpkfxsjPpmMoreThanUslEstimatiedInGroup,jdbcType=VARCHAR}
		</if>
		<if test="cpkfxsjPpmTotalEstimatedInGroup != null">
			and CPKFXSJ_PPM_TOTAL_ESTIMATED_IN_GROUP =
			#{cpkfxsjPpmTotalEstimatedInGroup,jdbcType=VARCHAR}
		</if>
		<if test="cpkfxsjPpmLessThanLslEstimatiedTotally != null">
			and CPKFXSJ_PPM_LESS_THAN_LSL_ESTIMATIED_TOTALLY =
			#{cpkfxsjPpmLessThanLslEstimatiedTotally,jdbcType=VARCHAR}
		</if>
		<if test="cpkfxsjPpmMoreThanUslEstimatiedTotally != null">
			and CPKFXSJ_PPM_MORE_THAN_USL_ESTIMATIED_TOTALLY =
			#{cpkfxsjPpmMoreThanUslEstimatiedTotally,jdbcType=VARCHAR}
		</if>
		<if test="cpkfxsjPpmTotalEstimatedEstimatiedTotally != null">
			and CPKFXSJ_PPM_TOTAL_ESTIMATED_ESTIMATIED_TOTALLY =
			#{cpkfxsjPpmTotalEstimatedEstimatiedTotally,jdbcType=VARCHAR}
		</if>
		<if test="cpkfxsjExtend1 != null">
			and CPKFXSJ_EXTEND1 = #{cpkfxsjExtend1,jdbcType=VARCHAR}
		</if>
		<if test="cpkfxsjExtend2 != null">
			and CPKFXSJ_EXTEND2 = #{cpkfxsjExtend2,jdbcType=VARCHAR}
		</if>
		<if test="cpkfxsjExtend3 != null">
			and CPKFXSJ_EXTEND3 = #{cpkfxsjExtend3,jdbcType=VARCHAR}
		</if>
		<if test="cpkfxsjExtend4 != null">
			and CPKFXSJ_EXTEND4 = #{cpkfxsjExtend4,jdbcType=VARCHAR}
		</if>
		<if test="cpkfxsjExtend5 != null">
			and CPKFXSJ_EXTEND5 = #{cpkfxsjExtend5,jdbcType=VARCHAR}
		</if>
		<if test="limit!=null and offset!=null">
			limit #{offset,jdbcType=INTEGER},#{limit,jdbcType=INTEGER}
		</if>
	</select>
	<select id="count" resultType="java.lang.Integer" parameterType="Map">
		select count(*) from cpk_analyze_data
		where 1=1
		<if test="cpkfxsjControlChartId != null">
			and CPKFXSJ_CONTROL_CHART_ID = #{cpkfxsjControlChartId,jdbcType=INTEGER}
		</if>
		<if test="cpkfxsjSampleCount != null">
			and CPKFXSJ_SAMPLE_COUNT = #{cpkfxsjSampleCount,jdbcType=INTEGER}
		</if>
		<if test="cpkfxsjAvreageValue != null">
			and CPKFXSJ_AVREAGE_VALUE = #{cpkfxsjAvreageValue,jdbcType=VARCHAR}
		</if>
		<if test="cpkfxsjMaximumValue != null">
			and CPKFXSJ_MAXIMUM_VALUE = #{cpkfxsjMaximumValue,jdbcType=VARCHAR}
		</if>
		<if test="cpkfxsjMinimumValue != null">
			and CPKFXSJ_MINIMUM_VALUE = #{cpkfxsjMinimumValue,jdbcType=VARCHAR}
		</if>
		<if test="cpkfxsjSubgroupSize != null">
			and CPKFXSJ_SUBGROUP_SIZE = #{cpkfxsjSubgroupSize,jdbcType=VARCHAR}
		</if>
		<if test="cpkfxsjStandardUpperLimit != null">
			and CPKFXSJ_STANDARD_UPPER_LIMIT =
			#{cpkfxsjStandardUpperLimit,jdbcType=VARCHAR}
		</if>
		<if test="cpkfxsjTargetValue != null">
			and CPKFXSJ_TARGET_VALUE = #{cpkfxsjTargetValue,jdbcType=VARCHAR}
		</if>
		<if test="cpkfxsjSpecificationDownLimit != null">
			and CPKFXSJ_SPECIFICATION_DOWN_LIMIT =
			#{cpkfxsjSpecificationDownLimit,jdbcType=VARCHAR}
		</if>
		<if test="cpkfxsjStandardDeviationBetwwenGroups != null">
			and CPKFXSJ_STANDARD_DEVIATION_BETWWEN_GROUPS =
			#{cpkfxsjStandardDeviationBetwwenGroups,jdbcType=VARCHAR}
		</if>
		<if test="cpkfxsjStandardDeviationInGroups != null">
			and CPKFXSJ_STANDARD_DEVIATION_IN_GROUPS =
			#{cpkfxsjStandardDeviationInGroups,jdbcType=VARCHAR}
		</if>
		<if test="cpkfxsjStandardDeviationBetwwenGroupsDividedByInGroups != null">
			and CPKFXSJ_STANDARD_DEVIATION_BETWWEN_GROUPS_DIVIDED_BY_IN_GROUPS =
			#{cpkfxsjStandardDeviationBetwwenGroupsDividedByInGroups,jdbcType=VARCHAR}
		</if>
		<if test="cpkfxsjStandardDeviationTotal != null">
			and CPKFXSJ_STANDARD_DEVIATION_TOTAL =
			#{cpkfxsjStandardDeviationTotal,jdbcType=VARCHAR}
		</if>
		<if test="cpkfxsjThreeTimesOfStandardDeviation != null">
			and CPKFXSJ_THREE_TIMES_OF_STANDARD_DEVIATION =
			#{cpkfxsjThreeTimesOfStandardDeviation,jdbcType=VARCHAR}
		</if>
		<if test="cpkfxsjThreeNegativeTimesOfStandardDeviation != null">
			and CPKFXSJ_THREE_NEGATIVE_TIMES_OF_STANDARD_DEVIATION =
			#{cpkfxsjThreeNegativeTimesOfStandardDeviation,jdbcType=VARCHAR}
		</if>
		<if test="cpkfxsjCpk != null">
			and CPKFXSJ_CPK = #{cpkfxsjCpk,jdbcType=VARCHAR}
		</if>
		<if test="cpkfxsjCp != null">
			and CPKFXSJ_CP = #{cpkfxsjCp,jdbcType=VARCHAR}
		</if>
		<if test="cpkfxsjCpl != null">
			and CPKFXSJ_CPL = #{cpkfxsjCpl,jdbcType=VARCHAR}
		</if>
		<if test="cpkfxsjCpu != null">
			and CPKFXSJ_CPU = #{cpkfxsjCpu,jdbcType=VARCHAR}
		</if>
		<if test="cpkfxsjPpk != null">
			and CPKFXSJ_PPK = #{cpkfxsjPpk,jdbcType=VARCHAR}
		</if>
		<if test="cpkfxsjPp != null">
			and CPKFXSJ_PP = #{cpkfxsjPp,jdbcType=VARCHAR}
		</if>
		<if test="cpkfxsjPpl != null">
			and CPKFXSJ_PPL = #{cpkfxsjPpl,jdbcType=VARCHAR}
		</if>
		<if test="cpkfxsjPpu != null">
			and CPKFXSJ_PPU = #{cpkfxsjPpu,jdbcType=VARCHAR}
		</if>
		<if test="cpkfxsjCa != null">
			and CPKFXSJ_CA = #{cpkfxsjCa,jdbcType=VARCHAR}
		</if>
		<if test="cpkfxsjPpmLessThanLslMeasured != null">
			and CPKFXSJ_PPM_LESS_THAN_LSL_MEASURED =
			#{cpkfxsjPpmLessThanLslMeasured,jdbcType=VARCHAR}
		</if>
		<if test="cpkfxsjPpmMoreThanUslMeasured != null">
			and CPKFXSJ_PPM_MORE_THAN_USL_MEASURED =
			#{cpkfxsjPpmMoreThanUslMeasured,jdbcType=VARCHAR}
		</if>
		<if test="cpkfxsjPpmTotalMeasured != null">
			and CPKFXSJ_PPM_TOTAL_MEASURED =
			#{cpkfxsjPpmTotalMeasured,jdbcType=VARCHAR}
		</if>
		<if test="cpkfxsjPpmLessThanLslEstimatiedInGroup != null">
			and CPKFXSJ_PPM_LESS_THAN_LSL_ESTIMATIED_IN_GROUP =
			#{cpkfxsjPpmLessThanLslEstimatiedInGroup,jdbcType=VARCHAR}
		</if>
		<if test="cpkfxsjPpmMoreThanUslEstimatiedInGroup != null">
			and CPKFXSJ_PPM_MORE_THAN_USL_ESTIMATIED_IN_GROUP =
			#{cpkfxsjPpmMoreThanUslEstimatiedInGroup,jdbcType=VARCHAR}
		</if>
		<if test="cpkfxsjPpmTotalEstimatedInGroup != null">
			and CPKFXSJ_PPM_TOTAL_ESTIMATED_IN_GROUP =
			#{cpkfxsjPpmTotalEstimatedInGroup,jdbcType=VARCHAR}
		</if>
		<if test="cpkfxsjPpmLessThanLslEstimatiedTotally != null">
			and CPKFXSJ_PPM_LESS_THAN_LSL_ESTIMATIED_TOTALLY =
			#{cpkfxsjPpmLessThanLslEstimatiedTotally,jdbcType=VARCHAR}
		</if>
		<if test="cpkfxsjPpmMoreThanUslEstimatiedTotally != null">
			and CPKFXSJ_PPM_MORE_THAN_USL_ESTIMATIED_TOTALLY =
			#{cpkfxsjPpmMoreThanUslEstimatiedTotally,jdbcType=VARCHAR}
		</if>
		<if test="cpkfxsjPpmTotalEstimatedEstimatiedTotally != null">
			and CPKFXSJ_PPM_TOTAL_ESTIMATED_ESTIMATIED_TOTALLY =
			#{cpkfxsjPpmTotalEstimatedEstimatiedTotally,jdbcType=VARCHAR}
		</if>
		<if test="cpkfxsjExtend1 != null">
			and CPKFXSJ_EXTEND1 = #{cpkfxsjExtend1,jdbcType=VARCHAR}
		</if>
		<if test="cpkfxsjExtend2 != null">
			and CPKFXSJ_EXTEND2 = #{cpkfxsjExtend2,jdbcType=VARCHAR}
		</if>
		<if test="cpkfxsjExtend3 != null">
			and CPKFXSJ_EXTEND3 = #{cpkfxsjExtend3,jdbcType=VARCHAR}
		</if>
		<if test="cpkfxsjExtend4 != null">
			and CPKFXSJ_EXTEND4 = #{cpkfxsjExtend4,jdbcType=VARCHAR}
		</if>
		<if test="cpkfxsjExtend5 != null">
			and CPKFXSJ_EXTEND5 = #{cpkfxsjExtend5,jdbcType=VARCHAR}
		</if>
	</select>
</mapper>