<?xml version="1.0" encoding="UTF-8" ?>
<!DOCTYPE mapper PUBLIC "-//mybatis.org//DTD Mapper 3.0//EN" "http://mybatis.org/dtd/mybatis-3-mapper.dtd" >
<mapper namespace="com.nbst.dao.mapper.ispcweb.DetectionDataMapper">
	<resultMap id="BaseResultMap" type="com.nbst.model.DetectionData">
		<id column="JCSJ_ID" property="jcsjId" jdbcType="INTEGER" />
		<result column="JCSJ_RECORD_TIME" property="jcsjRecordTime"
			jdbcType="BIGINT" />
		<result column="JCSJ_EXTRACT_TIME" property="jcsjExtractTime"
			jdbcType="BIGINT" />
		<result column="JCSJ_NO" property="jcsjNo" jdbcType="INTEGER" />
		<result column="JCSJ_CONTROL_CHART_ID" property="jcsjControlChartId"
			jdbcType="INTEGER" />
		<result column="JCSJ_DATA_POINT_HIERARCHICA_DATA" property="jcsjDataPointHierarchicaData"
			jdbcType="VARCHAR" />
		<result column="JCSJ_DATA_SAMPLE" property="jcsjDataSample"
			jdbcType="VARCHAR" />
		<result column="JCSJ_STATE" property="jcsjState" jdbcType="INTEGER" />
		<result column="JCSJ_CONTROL_CHART_DATA" property="jcsjControlChartData"
			jdbcType="VARCHAR" />
		<result column="JCSJ_USER_ID" property="jcsjUserId" jdbcType="INTEGER" />
		<result column="JCSJ_DEVICE_ID" property="jcsjDeviceId"
			jdbcType="INTEGER" />
		<result column="JCSJ_EXTEND1" property="jcsjExtend1" jdbcType="VARCHAR" />
		<result column="JCSJ_EXTEND2" property="jcsjExtend2" jdbcType="VARCHAR" />
		<result column="JCSJ_EXTEND3" property="jcsjExtend3" jdbcType="VARCHAR" />
		<result column="JCSJ_EXTEND4" property="jcsjExtend4" jdbcType="VARCHAR" />
		<result column="JCSJ_EXTEND5" property="jcsjExtend5" jdbcType="VARCHAR" />
	</resultMap>
	<sql id="Base_Column_List">
		JCSJ_ID, JCSJ_RECORD_TIME, JCSJ_EXTRACT_TIME, JCSJ_NO,
		JCSJ_CONTROL_CHART_ID,
		JCSJ_DATA_POINT_HIERARCHICA_DATA,
		JCSJ_DATA_SAMPLE, JCSJ_STATE, JCSJ_CONTROL_CHART_DATA, JCSJ_USER_ID,
		JCSJ_DEVICE_ID,
		JCSJ_EXTEND1, JCSJ_EXTEND2, JCSJ_EXTEND3, JCSJ_EXTEND4,
		JCSJ_EXTEND5
	</sql>
	<select id="findById" resultMap="BaseResultMap" parameterType="java.lang.Integer">
		select
		<include refid="Base_Column_List" />
		from detection_data
		where JCSJ_ID = #{jcsjId,jdbcType=INTEGER}
	</select>
	<delete id="delete" parameterType="java.lang.Integer">
		delete from detection_data
		where JCSJ_ID = #{jcsjId,jdbcType=INTEGER}
	</delete>
	<insert id="insert" parameterType="com.nbst.model.DetectionData"
		useGeneratedKeys="true" keyProperty="jcsjId">
		insert into detection_data
		<trim prefix="(" suffix=")" suffixOverrides=",">
			<if test="jcsjId != null">
				JCSJ_ID,
			</if>
			<if test="jcsjRecordTime != null">
				JCSJ_RECORD_TIME,
			</if>
			<if test="jcsjExtractTime != null">
				JCSJ_EXTRACT_TIME,
			</if>
			<if test="jcsjNo != null">
				JCSJ_NO,
			</if>
			<if test="jcsjControlChartId != null">
				JCSJ_CONTROL_CHART_ID,
			</if>
			<if test="jcsjDataPointHierarchicaData != null">
				JCSJ_DATA_POINT_HIERARCHICA_DATA,
			</if>
			<if test="jcsjDataSample != null">
				JCSJ_DATA_SAMPLE,
			</if>
			<if test="jcsjState != null">
				JCSJ_STATE,
			</if>
			<if test="jcsjControlChartData != null">
				JCSJ_CONTROL_CHART_DATA,
			</if>
			<if test="jcsjUserId != null">
				JCSJ_USER_ID,
			</if>
			<if test="jcsjDeviceId != null">
				JCSJ_DEVICE_ID,
			</if>
			<if test="jcsjExtend1 != null">
				JCSJ_EXTEND1,
			</if>
			<if test="jcsjExtend2 != null">
				JCSJ_EXTEND2,
			</if>
			<if test="jcsjExtend3 != null">
				JCSJ_EXTEND3,
			</if>
			<if test="jcsjExtend4 != null">
				JCSJ_EXTEND4,
			</if>
			<if test="jcsjExtend5 != null">
				JCSJ_EXTEND5,
			</if>
		</trim>
		<trim prefix="values (" suffix=")" suffixOverrides=",">
			<if test="jcsjId != null">
				#{jcsjId,jdbcType=INTEGER},
			</if>
			<if test="jcsjRecordTime != null">
				#{jcsjRecordTime,jdbcType=BIGINT},
			</if>
			<if test="jcsjExtractTime != null">
				#{jcsjExtractTime,jdbcType=BIGINT},
			</if>
			<if test="jcsjNo != null">
				#{jcsjNo,jdbcType=INTEGER},
			</if>
			<if test="jcsjControlChartId != null">
				#{jcsjControlChartId,jdbcType=INTEGER},
			</if>
			<if test="jcsjDataPointHierarchicaData != null">
				#{jcsjDataPointHierarchicaData,jdbcType=VARCHAR},
			</if>
			<if test="jcsjDataSample != null">
				#{jcsjDataSample,jdbcType=VARCHAR},
			</if>
			<if test="jcsjState != null">
				#{jcsjState,jdbcType=INTEGER},
			</if>
			<if test="jcsjControlChartData != null">
				#{jcsjControlChartData,jdbcType=VARCHAR},
			</if>
			<if test="jcsjUserId != null">
				#{jcsjUserId,jdbcType=INTEGER},
			</if>
			<if test="jcsjDeviceId != null">
				#{jcsjDeviceId,jdbcType=INTEGER},
			</if>
			<if test="jcsjExtend1 != null">
				#{jcsjExtend1,jdbcType=VARCHAR},
			</if>
			<if test="jcsjExtend2 != null">
				#{jcsjExtend2,jdbcType=VARCHAR},
			</if>
			<if test="jcsjExtend3 != null">
				#{jcsjExtend3,jdbcType=VARCHAR},
			</if>
			<if test="jcsjExtend4 != null">
				#{jcsjExtend4,jdbcType=VARCHAR},
			</if>
			<if test="jcsjExtend5 != null">
				#{jcsjExtend5,jdbcType=VARCHAR},
			</if>
		</trim>
	</insert>
	<update id="update" parameterType="com.nbst.model.DetectionData">
		update detection_data
		<set>
			<if test="jcsjRecordTime != null">
				JCSJ_RECORD_TIME = #{jcsjRecordTime,jdbcType=BIGINT},
			</if>
			<if test="jcsjExtractTime != null">
				JCSJ_EXTRACT_TIME = #{jcsjExtractTime,jdbcType=BIGINT},
			</if>
			<if test="jcsjNo != null">
				JCSJ_NO = #{jcsjNo,jdbcType=INTEGER},
			</if>
			<if test="jcsjControlChartId != null">
				JCSJ_CONTROL_CHART_ID =
				#{jcsjControlChartId,jdbcType=INTEGER},
			</if>
			<if test="jcsjDataPointHierarchicaData != null">
				JCSJ_DATA_POINT_HIERARCHICA_DATA =
				#{jcsjDataPointHierarchicaData,jdbcType=VARCHAR},
			</if>
			<if test="jcsjDataSample != null">
				JCSJ_DATA_SAMPLE = #{jcsjDataSample,jdbcType=VARCHAR},
			</if>
			<if test="jcsjState != null">
				JCSJ_STATE = #{jcsjState,jdbcType=INTEGER},
			</if>
			<if test="jcsjControlChartData != null">
				JCSJ_CONTROL_CHART_DATA =
				#{jcsjControlChartData,jdbcType=VARCHAR},
			</if>
			<if test="jcsjUserId != null">
				JCSJ_USER_ID = #{jcsjUserId,jdbcType=INTEGER},
			</if>
			<if test="jcsjDeviceId != null">
				JCSJ_DEVICE_ID = #{jcsjDeviceId,jdbcType=INTEGER},
			</if>
			<if test="jcsjExtend1 != null">
				JCSJ_EXTEND1 = #{jcsjExtend1,jdbcType=VARCHAR},
			</if>
			<if test="jcsjExtend2 != null">
				JCSJ_EXTEND2 = #{jcsjExtend2,jdbcType=VARCHAR},
			</if>
			<if test="jcsjExtend3 != null">
				JCSJ_EXTEND3 = #{jcsjExtend3,jdbcType=VARCHAR},
			</if>
			<if test="jcsjExtend4 != null">
				JCSJ_EXTEND4 = #{jcsjExtend4,jdbcType=VARCHAR},
			</if>
			<if test="jcsjExtend5 != null">
				JCSJ_EXTEND5 = #{jcsjExtend5,jdbcType=VARCHAR},
			</if>
		</set>
		where JCSJ_ID = #{jcsjId,jdbcType=INTEGER}
	</update>
	<select id="findByCondition" resultMap="BaseResultMap"
		parameterType="map">
		select
		<include refid="Base_Column_List" />
		from detection_data
		where 1=1
		<if test="jcsjRecordTime != null">
			and JCSJ_RECORD_TIME = #{jcsjRecordTime,jdbcType=BIGINT}
		</if>
		<if test="jcsjExtractTime != null">
			and JCSJ_EXTRACT_TIME = #{jcsjExtractTime,jdbcType=BIGINT}
		</if>
		<if test="jcsjNo != null">
			and JCSJ_NO = #{jcsjNo,jdbcType=INTEGER}
		</if>
		<if test="jcsjControlChartId != null">
			and JCSJ_CONTROL_CHART_ID =
			#{jcsjControlChartId,jdbcType=INTEGER}
		</if>
		<if test="jcsjDataPointHierarchicaData != null">
			and JCSJ_DATA_POINT_HIERARCHICA_DATA =
			#{jcsjDataPointHierarchicaData,jdbcType=VARCHAR}
		</if>
		<if test="jcsjDataSample != null">
			and JCSJ_DATA_SAMPLE = #{jcsjDataSample,jdbcType=VARCHAR}
		</if>
		<if test="jcsjState != null">
			and JCSJ_STATE = #{jcsjState,jdbcType=INTEGER}
		</if>
		<if test="jcsjControlChartData != null">
			and JCSJ_CONTROL_CHART_DATA =
			#{jcsjControlChartData,jdbcType=VARCHAR}
		</if>
		<if test="jcsjUserId != null">
			and JCSJ_USER_ID = #{jcsjUserId,jdbcType=INTEGER}
		</if>
		<if test="jcsjDeviceId != null">
			and JCSJ_DEVICE_ID = #{jcsjDeviceId,jdbcType=INTEGER}
		</if>
		<if test="jcsjExtend1 != null">
			and JCSJ_EXTEND1 = #{jcsjExtend1,jdbcType=VARCHAR}
		</if>
		<if test="jcsjExtend2 != null">
			and JCSJ_EXTEND2 = #{jcsjExtend2,jdbcType=VARCHAR}
		</if>
		<if test="jcsjExtend3 != null">
			and JCSJ_EXTEND3 = #{jcsjExtend3,jdbcType=VARCHAR}
		</if>
		<if test="jcsjExtend4 != null">
			and JCSJ_EXTEND4 = #{jcsjExtend4,jdbcType=VARCHAR}
		</if>
		<if test="jcsjExtend5 != null">
			and JCSJ_EXTEND5 = #{jcsjExtend5,jdbcType=VARCHAR}
		</if>
		<if test="limit!=null and offset!=null">
			limit #{offset,jdbcType=INTEGER},#{limit,jdbcType=INTEGER}
		</if>
	</select>
	<select id="count" resultType="java.lang.Integer" parameterType="Map">
		select count(*) from detection_data
		where 1=1
		<if test="jcsjRecordTime != null">
			and JCSJ_RECORD_TIME = #{jcsjRecordTime,jdbcType=BIGINT}
		</if>
		<if test="jcsjExtractTime != null">
			and JCSJ_EXTRACT_TIME = #{jcsjExtractTime,jdbcType=BIGINT}
		</if>
		<if test="jcsjNo != null">
			and JCSJ_NO = #{jcsjNo,jdbcType=INTEGER}
		</if>
		<if test="jcsjControlChartId != null">
			and JCSJ_CONTROL_CHART_ID =
			#{jcsjControlChartId,jdbcType=INTEGER}
		</if>
		<if test="jcsjDataPointHierarchicaData != null">
			and JCSJ_DATA_POINT_HIERARCHICA_DATA =
			#{jcsjDataPointHierarchicaData,jdbcType=VARCHAR}
		</if>
		<if test="jcsjDataSample != null">
			and JCSJ_DATA_SAMPLE = #{jcsjDataSample,jdbcType=VARCHAR}
		</if>
		<if test="jcsjState != null">
			and JCSJ_STATE = #{jcsjState,jdbcType=INTEGER}
		</if>
		<if test="jcsjControlChartData != null">
			and JCSJ_CONTROL_CHART_DATA =
			#{jcsjControlChartData,jdbcType=VARCHAR}
		</if>
		<if test="jcsjUserId != null">
			and JCSJ_USER_ID = #{jcsjUserId,jdbcType=INTEGER}
		</if>
		<if test="jcsjDeviceId != null">
			and JCSJ_DEVICE_ID = #{jcsjDeviceId,jdbcType=INTEGER}
		</if>
		<if test="jcsjExtend1 != null">
			and JCSJ_EXTEND1 = #{jcsjExtend1,jdbcType=VARCHAR}
		</if>
		<if test="jcsjExtend2 != null">
			and JCSJ_EXTEND2 = #{jcsjExtend2,jdbcType=VARCHAR}
		</if>
		<if test="jcsjExtend3 != null">
			and JCSJ_EXTEND3 = #{jcsjExtend3,jdbcType=VARCHAR}
		</if>
		<if test="jcsjExtend4 != null">
			and JCSJ_EXTEND4 = #{jcsjExtend4,jdbcType=VARCHAR}
		</if>
		<if test="jcsjExtend5 != null">
			and JCSJ_EXTEND5 = #{jcsjExtend5,jdbcType=VARCHAR}
		</if>
	</select>
</mapper>