<?xml version="1.0" encoding="UTF-8" ?>
<!DOCTYPE mapper PUBLIC "-//mybatis.org//DTD Mapper 3.0//EN" "http://mybatis.org/dtd/mybatis-3-mapper.dtd" >
<mapper
	namespace="com.nbst.dao.mapper.ispcweb.DetectionDeviceDetectionItemRelationshipMapper">
	<resultMap id="BaseResultMap"
		type="com.nbst.model.DetectionDeviceDetectionItemRelationship">
		<id column="JCSBJCXGL_ID" property="jcsbjcxglId" jdbcType="INTEGER" />
		<result column="JCSBJCXGL_DETECTION_DEVICE_ID" property="jcsbjcxglDetectionDeviceId"
			jdbcType="INTEGER" />
		<result column="JCSBJCXGL_DETECTION_ITEM_ID" property="jcsbjcxglDetectionItemId"
			jdbcType="INTEGER" />
		<result column="JCSBJCXGL_EXTEND1" property="jcsbjcxglExtend1"
			jdbcType="VARCHAR" />
		<result column="JCSBJCXGL_EXTEND2" property="jcsbjcxglExtend2"
			jdbcType="VARCHAR" />
		<result column="JCSBJCXGL_EXTEND3" property="jcsbjcxglExtend3"
			jdbcType="VARCHAR" />
		<result column="JCSBJCXGL_EXTEND4" property="jcsbjcxglExtend4"
			jdbcType="VARCHAR" />
		<result column="JCSBJCXGL_EXTEND5" property="jcsbjcxglExtend5"
			jdbcType="VARCHAR" />
	</resultMap>
	<sql id="Base_Column_List">
		JCSBJCXGL_ID, JCSBJCXGL_DETECTION_DEVICE_ID, JCSBJCXGL_DETECTION_ITEM_ID,
		JCSBJCXGL_EXTEND1,
		JCSBJCXGL_EXTEND2, JCSBJCXGL_EXTEND3, JCSBJCXGL_EXTEND4, JCSBJCXGL_EXTEND5
	</sql>
	<select id="findById" resultMap="BaseResultMap" parameterType="java.lang.Integer">
		select
		<include refid="Base_Column_List" />
		from detection_device_detection_item_relationship
		where JCSBJCXGL_ID = #{jcsbjcxglId,jdbcType=INTEGER}
	</select>
	<delete id="delete" parameterType="java.lang.Integer">
		delete from detection_device_detection_item_relationship
		where JCSBJCXGL_ID = #{jcsbjcxglId,jdbcType=INTEGER}
	</delete>
	<insert id="insert"
		parameterType="com.nbst.model.DetectionDeviceDetectionItemRelationship"
		useGeneratedKeys="true" keyProperty="jcsbjcxglId">
		insert into detection_device_detection_item_relationship
		<trim prefix="(" suffix=")" suffixOverrides=",">
			<if test="jcsbjcxglId != null">
				JCSBJCXGL_ID,
			</if>
			<if test="jcsbjcxglDetectionDeviceId != null">
				JCSBJCXGL_DETECTION_DEVICE_ID,
			</if>
			<if test="jcsbjcxglDetectionItemId != null">
				JCSBJCXGL_DETECTION_ITEM_ID,
			</if>
			<if test="jcsbjcxglExtend1 != null">
				JCSBJCXGL_EXTEND1,
			</if>
			<if test="jcsbjcxglExtend2 != null">
				JCSBJCXGL_EXTEND2,
			</if>
			<if test="jcsbjcxglExtend3 != null">
				JCSBJCXGL_EXTEND3,
			</if>
			<if test="jcsbjcxglExtend4 != null">
				JCSBJCXGL_EXTEND4,
			</if>
			<if test="jcsbjcxglExtend5 != null">
				JCSBJCXGL_EXTEND5,
			</if>
		</trim>
		<trim prefix="values (" suffix=")" suffixOverrides=",">
			<if test="jcsbjcxglId != null">
				#{jcsbjcxglId,jdbcType=INTEGER},
			</if>
			<if test="jcsbjcxglDetectionDeviceId != null">
				#{jcsbjcxglDetectionDeviceId,jdbcType=INTEGER},
			</if>
			<if test="jcsbjcxglDetectionItemId != null">
				#{jcsbjcxglDetectionItemId,jdbcType=INTEGER},
			</if>
			<if test="jcsbjcxglExtend1 != null">
				#{jcsbjcxglExtend1,jdbcType=VARCHAR},
			</if>
			<if test="jcsbjcxglExtend2 != null">
				#{jcsbjcxglExtend2,jdbcType=VARCHAR},
			</if>
			<if test="jcsbjcxglExtend3 != null">
				#{jcsbjcxglExtend3,jdbcType=VARCHAR},
			</if>
			<if test="jcsbjcxglExtend4 != null">
				#{jcsbjcxglExtend4,jdbcType=VARCHAR},
			</if>
			<if test="jcsbjcxglExtend5 != null">
				#{jcsbjcxglExtend5,jdbcType=VARCHAR},
			</if>
		</trim>
	</insert>
	<update id="update"
		parameterType="com.nbst.model.DetectionDeviceDetectionItemRelationship">
		update detection_device_detection_item_relationship
		<set>
			<if test="jcsbjcxglDetectionDeviceId != null">
				JCSBJCXGL_DETECTION_DEVICE_ID =
				#{jcsbjcxglDetectionDeviceId,jdbcType=INTEGER},
			</if>
			<if test="jcsbjcxglDetectionItemId != null">
				JCSBJCXGL_DETECTION_ITEM_ID =
				#{jcsbjcxglDetectionItemId,jdbcType=INTEGER},
			</if>
			<if test="jcsbjcxglExtend1 != null">
				JCSBJCXGL_EXTEND1 = #{jcsbjcxglExtend1,jdbcType=VARCHAR},
			</if>
			<if test="jcsbjcxglExtend2 != null">
				JCSBJCXGL_EXTEND2 = #{jcsbjcxglExtend2,jdbcType=VARCHAR},
			</if>
			<if test="jcsbjcxglExtend3 != null">
				JCSBJCXGL_EXTEND3 = #{jcsbjcxglExtend3,jdbcType=VARCHAR},
			</if>
			<if test="jcsbjcxglExtend4 != null">
				JCSBJCXGL_EXTEND4 = #{jcsbjcxglExtend4,jdbcType=VARCHAR},
			</if>
			<if test="jcsbjcxglExtend5 != null">
				JCSBJCXGL_EXTEND5 = #{jcsbjcxglExtend5,jdbcType=VARCHAR},
			</if>
		</set>
		where JCSBJCXGL_ID = #{jcsbjcxglId,jdbcType=INTEGER}
	</update>
	<select id="findByCondition" resultMap="BaseResultMap"
		parameterType="map">
		select
		<include refid="Base_Column_List" />
		from detection_device_detection_item_relationship
		where 1=1
		<if test="jcsbjcxglDetectionDeviceId != null">
			and JCSBJCXGL_DETECTION_DEVICE_ID =
			#{jcsbjcxglDetectionDeviceId,jdbcType=INTEGER}
		</if>
		<if test="jcsbjcxglDetectionItemId != null">
			and JCSBJCXGL_DETECTION_ITEM_ID =
			#{jcsbjcxglDetectionItemId,jdbcType=INTEGER}
		</if>
		<if test="jcsbjcxglExtend1 != null">
			and JCSBJCXGL_EXTEND1 = #{jcsbjcxglExtend1,jdbcType=VARCHAR}
		</if>
		<if test="jcsbjcxglExtend2 != null">
			and JCSBJCXGL_EXTEND2 = #{jcsbjcxglExtend2,jdbcType=VARCHAR}
		</if>
		<if test="jcsbjcxglExtend3 != null">
			and JCSBJCXGL_EXTEND3 = #{jcsbjcxglExtend3,jdbcType=VARCHAR}
		</if>
		<if test="jcsbjcxglExtend4 != null">
			and JCSBJCXGL_EXTEND4 = #{jcsbjcxglExtend4,jdbcType=VARCHAR}
		</if>
		<if test="jcsbjcxglExtend5 != null">
			and JCSBJCXGL_EXTEND5 = #{jcsbjcxglExtend5,jdbcType=VARCHAR}
		</if>
		<if test="limit!=null and offset!=null">
			limit #{offset,jdbcType=INTEGER},#{limit,jdbcType=INTEGER}
		</if>
	</select>
	<select id="count" resultType="java.lang.Integer" parameterType="Map">
		select count(*) from detection_device_detection_item_relationship
		where 1=1
		<if test="jcsbjcxglDetectionDeviceId != null">
			and JCSBJCXGL_DETECTION_DEVICE_ID =
			#{jcsbjcxglDetectionDeviceId,jdbcType=INTEGER}
		</if>
		<if test="jcsbjcxglDetectionItemId != null">
			and JCSBJCXGL_DETECTION_ITEM_ID =
			#{jcsbjcxglDetectionItemId,jdbcType=INTEGER}
		</if>
		<if test="jcsbjcxglExtend1 != null">
			and JCSBJCXGL_EXTEND1 = #{jcsbjcxglExtend1,jdbcType=VARCHAR}
		</if>
		<if test="jcsbjcxglExtend2 != null">
			and JCSBJCXGL_EXTEND2 = #{jcsbjcxglExtend2,jdbcType=VARCHAR}
		</if>
		<if test="jcsbjcxglExtend3 != null">
			and JCSBJCXGL_EXTEND3 = #{jcsbjcxglExtend3,jdbcType=VARCHAR}
		</if>
		<if test="jcsbjcxglExtend4 != null">
			and JCSBJCXGL_EXTEND4 = #{jcsbjcxglExtend4,jdbcType=VARCHAR}
		</if>
		<if test="jcsbjcxglExtend5 != null">
			and JCSBJCXGL_EXTEND5 = #{jcsbjcxglExtend5,jdbcType=VARCHAR}
		</if>
	</select>
</mapper>