<?xml version="1.0" encoding="UTF-8" ?>
<!DOCTYPE mapper PUBLIC "-//mybatis.org//DTD Mapper 3.0//EN" "http://mybatis.org/dtd/mybatis-3-mapper.dtd" >
<mapper
	namespace="com.nbst.dao.mapper.ispcweb.DetectionDeviceMapper">
	<resultMap id="BaseResultMap"
		type="com.nbst.model.DetectionDevice">
		<id column="JCSB_ID" property="jcsbId" jdbcType="INTEGER" />
		<result column="JCSB_NAME" property="jcsbName"
			jdbcType="VARCHAR" />
		<result column="JCSB_CODE" property="jcsbCode"
			jdbcType="VARCHAR" />
		<result column="JCSB_IP" property="jcsbIp" jdbcType="VARCHAR" />
		<result column="JCSB_TYPE" property="jcsbType"
			jdbcType="VARCHAR" />
		<result column="JCSB_PICTURE_WJ_ID" property="jcsbPictureWjId"
			jdbcType="INTEGER" />
		<result column="JCSB_FZ_CODE" property="jcsbFzCode"
			jdbcType="VARCHAR" />
		<result column="JCSB_LOCAL" property="jcsbLocal"
			jdbcType="VARCHAR" />
		<result column="JCSB_MANUFACTURER" property="jcsbManufacturer"
			jdbcType="VARCHAR" />
		<result column="JCSB_MANUFACTURER_CONNECTION"
			property="jcsbManufacturerConnection" jdbcType="VARCHAR" />
		<result column="JCSB_DEFAULT_ENERGY_CONSUMPTION"
			property="jcsbDefaultEnergyConsumption" jdbcType="VARCHAR" />
		<result column="JCSB_DEFAULT_WORK_HOURS"
			property="jcsbDefaultWorkHours" jdbcType="INTEGER" />
		<result column="JCSB_DEFAULT_TOTAL_PRODUCTION"
			property="jcsbDefaultTotalProduction" jdbcType="BIGINT" />
		<result column="JCSB_INVESTMENT_TIME"
			property="jcsbInvestmentTime" jdbcType="BIGINT" />
		<result column="JCSB_MAINTENANCE_TIME"
			property="jcsbMaintenanceTime" jdbcType="BIGINT" />
		<result column="JCSB_DELETE_TIME" property="jcsbDeleteTime"
			jdbcType="BIGINT" />
		<result column="JCSB_UPDATE_TIME" property="jcsbUpdateTime"
			jdbcType="BIGINT" />
		<result column="JCSB_CREATE_TIME" property="jcsbCreateTime"
			jdbcType="BIGINT" />
		<result column="JCSB_STATE" property="jcsbState"
			jdbcType="INTEGER" />
		<result column="JCSB_CREATE_USER_ID"
			property="jcsbCreateUserId" jdbcType="INTEGER" />
		<result column="JCSB_SBLX_NAME" property="jcsbSblxName"
			jdbcType="VARCHAR" />
		<result column="JCSB_PREPARE_WORKING_MINUTES_"
			property="jcsbPrepareWorkingMinutes" jdbcType="INTEGER" />
		<result column="JCSB_WORKING_HOURS_PER_SHIFT"
			property="jcsbWorkingHoursPerShift" jdbcType="INTEGER" />
		<result column="JCSB_POST" property="jcsbPost"
			jdbcType="VARCHAR" />
		<result column="JCSB_ICON_WIDTH" property="jcsbIconWidth"
			jdbcType="BIGINT" />
		<result column="JCSB_ICON_HEIGHT" property="jcsbIconHeight"
			jdbcType="BIGINT" />
		<result column="JCSB_RATE_X" property="jcsbRateX"
			jdbcType="DOUBLE" />
		<result column="JCSB_RATE_Y" property="jcsbRateY"
			jdbcType="DOUBLE" />
		<result column="JCSB_RATE_PIC_PREFIX"
			property="jcsbRatePicPrefix" jdbcType="VARCHAR" />
		<result column="JCSB_MODEL" property="jcsbModel"
			jdbcType="VARCHAR" />
		<result column="JCSB_LEVEL" property="jcsbLevel"
			jdbcType="VARCHAR" />
		<result column="JCSB_PRODUCTION_DATE"
			property="jcsbProductionDate" jdbcType="VARCHAR" />
		<result column="JCSB_MOTOR_CAPACITY"
			property="jcsbMotorCapacity" jdbcType="VARCHAR" />
		<result column="JCSB_OLD_CODE" property="jcsbOldCode"
			jdbcType="VARCHAR" />
		<result column="JCSB_EXTEND1" property="jcsbExtend1"
			jdbcType="VARCHAR" />
		<result column="JCSB_EXTEND2" property="jcsbExtend2"
			jdbcType="VARCHAR" />
		<result column="JCSB_EXTEND3" property="jcsbExtend3"
			jdbcType="VARCHAR" />
		<result column="JCSB_EXTEND4" property="jcsbExtend4"
			jdbcType="VARCHAR" />
		<result column="JCSB_EXTEND5" property="jcsbExtend5"
			jdbcType="VARCHAR" />
		<result column="JCSB_EXTEND6" property="jcsbExtend6"
			jdbcType="VARCHAR" />
		<result column="JCSB_EXTEND7" property="jcsbExtend7"
			jdbcType="VARCHAR" />
		<result column="JCSB_EXTEND8" property="jcsbExtend8"
			jdbcType="VARCHAR" />
		<result column="JCSB_EXTEND9" property="jcsbExtend9"
			jdbcType="VARCHAR" />
		<result column="JCSB_EXTEND10" property="jcsbExtend10"
			jdbcType="VARCHAR" />
	</resultMap>
	<sql id="Base_Column_List">
		JCSB_ID, JCSB_NAME, JCSB_CODE, JCSB_IP, JCSB_TYPE,
		JCSB_PICTURE_WJ_ID,
		JCSB_FZ_CODE,
		JCSB_LOCAL, JCSB_MANUFACTURER,
		JCSB_MANUFACTURER_CONNECTION,
		JCSB_DEFAULT_ENERGY_CONSUMPTION,
		JCSB_DEFAULT_WORK_HOURS, JCSB_DEFAULT_TOTAL_PRODUCTION,
		JCSB_INVESTMENT_TIME,
		JCSB_MAINTENANCE_TIME,
		JCSB_DELETE_TIME,
		JCSB_UPDATE_TIME, JCSB_CREATE_TIME, JCSB_STATE, JCSB_CREATE_USER_ID,
		JCSB_SBLX_NAME, JCSB_PREPARE_WORKING_MINUTES_,
		JCSB_WORKING_HOURS_PER_SHIFT, JCSB_POST,
		JCSB_ICON_WIDTH,
		JCSB_ICON_HEIGHT, JCSB_RATE_X, JCSB_RATE_Y, JCSB_RATE_PIC_PREFIX,
		JCSB_MODEL, JCSB_LEVEL, JCSB_PRODUCTION_DATE, JCSB_MOTOR_CAPACITY,
		JCSB_OLD_CODE,
		JCSB_EXTEND1, JCSB_EXTEND2, JCSB_EXTEND3, JCSB_EXTEND4,
		JCSB_EXTEND5, JCSB_EXTEND6,
		JCSB_EXTEND7, JCSB_EXTEND8, JCSB_EXTEND9,
		JCSB_EXTEND10
	</sql>
	<select id="findById" resultMap="BaseResultMap"
		parameterType="java.lang.Integer">
		select
		<include refid="Base_Column_List" />
		from detection_device
		where JCSB_ID = #{jcsbId,jdbcType=INTEGER}
	</select>
	<delete id="delete" parameterType="java.lang.Integer">
		delete from detection_device
		where JCSB_ID = #{jcsbId,jdbcType=INTEGER}
	</delete>
	<insert id="insert"
		parameterType="com.nbst.model.DetectionDevice" useGeneratedKeys="true"
		keyProperty="jcsbId">
		insert into detection_device
		<trim prefix="(" suffix=")" suffixOverrides=",">
			<if test="jcsbId != null">
				JCSB_ID,
			</if>
			<if test="jcsbName != null">
				JCSB_NAME,
			</if>
			<if test="jcsbCode != null">
				JCSB_CODE,
			</if>
			<if test="jcsbIp != null">
				JCSB_IP,
			</if>
			<if test="jcsbType != null">
				JCSB_TYPE,
			</if>
			<if test="jcsbPictureWjId != null">
				JCSB_PICTURE_WJ_ID,
			</if>
			<if test="jcsbFzCode != null">
				JCSB_FZ_CODE,
			</if>
			<if test="jcsbLocal != null">
				JCSB_LOCAL,
			</if>
			<if test="jcsbManufacturer != null">
				JCSB_MANUFACTURER,
			</if>
			<if test="jcsbManufacturerConnection != null">
				JCSB_MANUFACTURER_CONNECTION,
			</if>
			<if test="jcsbDefaultEnergyConsumption != null">
				JCSB_DEFAULT_ENERGY_CONSUMPTION,
			</if>
			<if test="jcsbDefaultWorkHours != null">
				JCSB_DEFAULT_WORK_HOURS,
			</if>
			<if test="jcsbDefaultTotalProduction != null">
				JCSB_DEFAULT_TOTAL_PRODUCTION,
			</if>
			<if test="jcsbInvestmentTime != null">
				JCSB_INVESTMENT_TIME,
			</if>
			<if test="jcsbMaintenanceTime != null">
				JCSB_MAINTENANCE_TIME,
			</if>
			<if test="jcsbDeleteTime != null">
				JCSB_DELETE_TIME,
			</if>
			<if test="jcsbUpdateTime != null">
				JCSB_UPDATE_TIME,
			</if>
			<if test="jcsbCreateTime != null">
				JCSB_CREATE_TIME,
			</if>
			<if test="jcsbState != null">
				JCSB_STATE,
			</if>
			<if test="jcsbCreateUserId != null">
				JCSB_CREATE_USER_ID,
			</if>
			<if test="jcsbSblxName != null">
				JCSB_SBLX_NAME,
			</if>
			<if test="jcsbPrepareWorkingMinutes != null">
				JCSB_PREPARE_WORKING_MINUTES_,
			</if>
			<if test="jcsbWorkingHoursPerShift != null">
				JCSB_WORKING_HOURS_PER_SHIFT,
			</if>
			<if test="jcsbPost != null">
				JCSB_POST,
			</if>
			<if test="jcsbIconWidth != null">
				JCSB_ICON_WIDTH,
			</if>
			<if test="jcsbIconHeight != null">
				JCSB_ICON_HEIGHT,
			</if>
			<if test="jcsbRateX != null">
				JCSB_RATE_X,
			</if>
			<if test="jcsbRateY != null">
				JCSB_RATE_Y,
			</if>
			<if test="jcsbRatePicPrefix != null">
				JCSB_RATE_PIC_PREFIX,
			</if>
			<if test="jcsbModel != null">
				JCSB_MODEL,
			</if>
			<if test="jcsbLevel != null">
				JCSB_LEVEL,
			</if>
			<if test="jcsbProductionDate != null">
				JCSB_PRODUCTION_DATE,
			</if>
			<if test="jcsbMotorCapacity != null">
				JCSB_MOTOR_CAPACITY,
			</if>
			<if test="jcsbOldCode != null">
				JCSB_OLD_CODE,
			</if>
			<if test="jcsbExtend1 != null">
				JCSB_EXTEND1,
			</if>
			<if test="jcsbExtend2 != null">
				JCSB_EXTEND2,
			</if>
			<if test="jcsbExtend3 != null">
				JCSB_EXTEND3,
			</if>
			<if test="jcsbExtend4 != null">
				JCSB_EXTEND4,
			</if>
			<if test="jcsbExtend5 != null">
				JCSB_EXTEND5,
			</if>
			<if test="jcsbExtend6 != null">
				JCSB_EXTEND6,
			</if>
			<if test="jcsbExtend7 != null">
				JCSB_EXTEND7,
			</if>
			<if test="jcsbExtend8 != null">
				JCSB_EXTEND8,
			</if>
			<if test="jcsbExtend9 != null">
				JCSB_EXTEND9,
			</if>
			<if test="jcsbExtend10 != null">
				JCSB_EXTEND10,
			</if>
		</trim>
		<trim prefix="values (" suffix=")" suffixOverrides=",">
			<if test="jcsbId != null">
				#{jcsbId,jdbcType=INTEGER},
			</if>
			<if test="jcsbName != null">
				#{jcsbName,jdbcType=VARCHAR},
			</if>
			<if test="jcsbCode != null">
				#{jcsbCode,jdbcType=VARCHAR},
			</if>
			<if test="jcsbIp != null">
				#{jcsbIp,jdbcType=VARCHAR},
			</if>
			<if test="jcsbType != null">
				#{jcsbType,jdbcType=VARCHAR},
			</if>
			<if test="jcsbPictureWjId != null">
				#{jcsbPictureWjId,jdbcType=INTEGER},
			</if>
			<if test="jcsbFzCode != null">
				#{jcsbFzCode,jdbcType=VARCHAR},
			</if>
			<if test="jcsbLocal != null">
				#{jcsbLocal,jdbcType=VARCHAR},
			</if>
			<if test="jcsbManufacturer != null">
				#{jcsbManufacturer,jdbcType=VARCHAR},
			</if>
			<if test="jcsbManufacturerConnection != null">
				#{jcsbManufacturerConnection,jdbcType=VARCHAR},
			</if>
			<if test="jcsbDefaultEnergyConsumption != null">
				#{jcsbDefaultEnergyConsumption,jdbcType=VARCHAR},
			</if>
			<if test="jcsbDefaultWorkHours != null">
				#{jcsbDefaultWorkHours,jdbcType=INTEGER},
			</if>
			<if test="jcsbDefaultTotalProduction != null">
				#{jcsbDefaultTotalProduction,jdbcType=BIGINT},
			</if>
			<if test="jcsbInvestmentTime != null">
				#{jcsbInvestmentTime,jdbcType=BIGINT},
			</if>
			<if test="jcsbMaintenanceTime != null">
				#{jcsbMaintenanceTime,jdbcType=BIGINT},
			</if>
			<if test="jcsbDeleteTime != null">
				#{jcsbDeleteTime,jdbcType=BIGINT},
			</if>
			<if test="jcsbUpdateTime != null">
				#{jcsbUpdateTime,jdbcType=BIGINT},
			</if>
			<if test="jcsbCreateTime != null">
				#{jcsbCreateTime,jdbcType=BIGINT},
			</if>
			<if test="jcsbState != null">
				#{jcsbState,jdbcType=INTEGER},
			</if>
			<if test="jcsbCreateUserId != null">
				#{jcsbCreateUserId,jdbcType=INTEGER},
			</if>
			<if test="jcsbSblxName != null">
				#{jcsbSblxName,jdbcType=VARCHAR},
			</if>
			<if test="jcsbPrepareWorkingMinutes != null">
				#{jcsbPrepareWorkingMinutes,jdbcType=INTEGER},
			</if>
			<if test="jcsbWorkingHoursPerShift != null">
				#{jcsbWorkingHoursPerShift,jdbcType=INTEGER},
			</if>
			<if test="jcsbPost != null">
				#{jcsbPost,jdbcType=VARCHAR},
			</if>
			<if test="jcsbIconWidth != null">
				#{jcsbIconWidth,jdbcType=BIGINT},
			</if>
			<if test="jcsbIconHeight != null">
				#{jcsbIconHeight,jdbcType=BIGINT},
			</if>
			<if test="jcsbRateX != null">
				#{jcsbRateX,jdbcType=DOUBLE},
			</if>
			<if test="jcsbRateY != null">
				#{jcsbRateY,jdbcType=DOUBLE},
			</if>
			<if test="jcsbRatePicPrefix != null">
				#{jcsbRatePicPrefix,jdbcType=VARCHAR},
			</if>
			<if test="jcsbModel != null">
				#{jcsbModel,jdbcType=VARCHAR},
			</if>
			<if test="jcsbLevel != null">
				#{jcsbLevel,jdbcType=VARCHAR},
			</if>
			<if test="jcsbProductionDate != null">
				#{jcsbProductionDate,jdbcType=VARCHAR},
			</if>
			<if test="jcsbMotorCapacity != null">
				#{jcsbMotorCapacity,jdbcType=VARCHAR},
			</if>
			<if test="jcsbOldCode != null">
				#{jcsbOldCode,jdbcType=VARCHAR},
			</if>
			<if test="jcsbExtend1 != null">
				#{jcsbExtend1,jdbcType=VARCHAR},
			</if>
			<if test="jcsbExtend2 != null">
				#{jcsbExtend2,jdbcType=VARCHAR},
			</if>
			<if test="jcsbExtend3 != null">
				#{jcsbExtend3,jdbcType=VARCHAR},
			</if>
			<if test="jcsbExtend4 != null">
				#{jcsbExtend4,jdbcType=VARCHAR},
			</if>
			<if test="jcsbExtend5 != null">
				#{jcsbExtend5,jdbcType=VARCHAR},
			</if>
			<if test="jcsbExtend6 != null">
				#{jcsbExtend6,jdbcType=VARCHAR},
			</if>
			<if test="jcsbExtend7 != null">
				#{jcsbExtend7,jdbcType=VARCHAR},
			</if>
			<if test="jcsbExtend8 != null">
				#{jcsbExtend8,jdbcType=VARCHAR},
			</if>
			<if test="jcsbExtend9 != null">
				#{jcsbExtend9,jdbcType=VARCHAR},
			</if>
			<if test="jcsbExtend10 != null">
				#{jcsbExtend10,jdbcType=VARCHAR},
			</if>
		</trim>
	</insert>
	<update id="update"
		parameterType="com.nbst.model.DetectionDevice">
		update detection_device
		<set>
			<if test="jcsbName != null">
				JCSB_NAME = #{jcsbName,jdbcType=VARCHAR},
			</if>
			<if test="jcsbCode != null">
				JCSB_CODE = #{jcsbCode,jdbcType=VARCHAR},
			</if>
			<if test="jcsbIp != null">
				JCSB_IP = #{jcsbIp,jdbcType=VARCHAR},
			</if>
			<if test="jcsbType != null">
				JCSB_TYPE = #{jcsbType,jdbcType=VARCHAR},
			</if>
			<if test="jcsbPictureWjId != null">
				JCSB_PICTURE_WJ_ID = #{jcsbPictureWjId,jdbcType=INTEGER},
			</if>
			<if test="jcsbFzCode != null">
				JCSB_FZ_CODE = #{jcsbFzCode,jdbcType=VARCHAR},
			</if>
			<if test="jcsbLocal != null">
				JCSB_LOCAL = #{jcsbLocal,jdbcType=VARCHAR},
			</if>
			<if test="jcsbManufacturer != null">
				JCSB_MANUFACTURER = #{jcsbManufacturer,jdbcType=VARCHAR},
			</if>
			<if test="jcsbManufacturerConnection != null">
				JCSB_MANUFACTURER_CONNECTION =
				#{jcsbManufacturerConnection,jdbcType=VARCHAR},
			</if>
			<if test="jcsbDefaultEnergyConsumption != null">
				JCSB_DEFAULT_ENERGY_CONSUMPTION =
				#{jcsbDefaultEnergyConsumption,jdbcType=VARCHAR},
			</if>
			<if test="jcsbDefaultWorkHours != null">
				JCSB_DEFAULT_WORK_HOURS =
				#{jcsbDefaultWorkHours,jdbcType=INTEGER},
			</if>
			<if test="jcsbDefaultTotalProduction != null">
				JCSB_DEFAULT_TOTAL_PRODUCTION =
				#{jcsbDefaultTotalProduction,jdbcType=BIGINT},
			</if>
			<if test="jcsbInvestmentTime != null">
				JCSB_INVESTMENT_TIME =
				#{jcsbInvestmentTime,jdbcType=BIGINT},
			</if>
			<if test="jcsbMaintenanceTime != null">
				JCSB_MAINTENANCE_TIME =
				#{jcsbMaintenanceTime,jdbcType=BIGINT},
			</if>
			<if test="jcsbDeleteTime != null">
				JCSB_DELETE_TIME = #{jcsbDeleteTime,jdbcType=BIGINT},
			</if>
			<if test="jcsbUpdateTime != null">
				JCSB_UPDATE_TIME = #{jcsbUpdateTime,jdbcType=BIGINT},
			</if>
			<if test="jcsbCreateTime != null">
				JCSB_CREATE_TIME = #{jcsbCreateTime,jdbcType=BIGINT},
			</if>
			<if test="jcsbState != null">
				JCSB_STATE = #{jcsbState,jdbcType=INTEGER},
			</if>
			<if test="jcsbCreateUserId != null">
				JCSB_CREATE_USER_ID =
				#{jcsbCreateUserId,jdbcType=INTEGER},
			</if>
			<if test="jcsbSblxName != null">
				JCSB_SBLX_NAME = #{jcsbSblxName,jdbcType=VARCHAR},
			</if>
			<if test="jcsbPrepareWorkingMinutes != null">
				JCSB_PREPARE_WORKING_MINUTES_ =
				#{jcsbPrepareWorkingMinutes,jdbcType=INTEGER},
			</if>
			<if test="jcsbWorkingHoursPerShift != null">
				JCSB_WORKING_HOURS_PER_SHIFT =
				#{jcsbWorkingHoursPerShift,jdbcType=INTEGER},
			</if>
			<if test="jcsbPost != null">
				JCSB_POST = #{jcsbPost,jdbcType=VARCHAR},
			</if>
			<if test="jcsbIconWidth != null">
				JCSB_ICON_WIDTH = #{jcsbIconWidth,jdbcType=BIGINT},
			</if>
			<if test="jcsbIconHeight != null">
				JCSB_ICON_HEIGHT = #{jcsbIconHeight,jdbcType=BIGINT},
			</if>
			<if test="jcsbRateX != null">
				JCSB_RATE_X = #{jcsbRateX,jdbcType=DOUBLE},
			</if>
			<if test="jcsbRateY != null">
				JCSB_RATE_Y = #{jcsbRateY,jdbcType=DOUBLE},
			</if>
			<if test="jcsbRatePicPrefix != null">
				JCSB_RATE_PIC_PREFIX =
				#{jcsbRatePicPrefix,jdbcType=VARCHAR},
			</if>
			<if test="jcsbModel != null">
				JCSB_MODEL = #{jcsbModel,jdbcType=VARCHAR},
			</if>
			<if test="jcsbLevel != null">
				JCSB_LEVEL = #{jcsbLevel,jdbcType=VARCHAR},
			</if>
			<if test="jcsbProductionDate != null">
				JCSB_PRODUCTION_DATE =
				#{jcsbProductionDate,jdbcType=VARCHAR},
			</if>
			<if test="jcsbMotorCapacity != null">
				JCSB_MOTOR_CAPACITY =
				#{jcsbMotorCapacity,jdbcType=VARCHAR},
			</if>
			<if test="jcsbOldCode != null">
				JCSB_OLD_CODE = #{jcsbOldCode,jdbcType=VARCHAR},
			</if>
			<if test="jcsbExtend1 != null">
				JCSB_EXTEND1 = #{jcsbExtend1,jdbcType=VARCHAR},
			</if>
			<if test="jcsbExtend2 != null">
				JCSB_EXTEND2 = #{jcsbExtend2,jdbcType=VARCHAR},
			</if>
			<if test="jcsbExtend3 != null">
				JCSB_EXTEND3 = #{jcsbExtend3,jdbcType=VARCHAR},
			</if>
			<if test="jcsbExtend4 != null">
				JCSB_EXTEND4 = #{jcsbExtend4,jdbcType=VARCHAR},
			</if>
			<if test="jcsbExtend5 != null">
				JCSB_EXTEND5 = #{jcsbExtend5,jdbcType=VARCHAR},
			</if>
			<if test="jcsbExtend6 != null">
				JCSB_EXTEND6 = #{jcsbExtend6,jdbcType=VARCHAR},
			</if>
			<if test="jcsbExtend7 != null">
				JCSB_EXTEND7 = #{jcsbExtend7,jdbcType=VARCHAR},
			</if>
			<if test="jcsbExtend8 != null">
				JCSB_EXTEND8 = #{jcsbExtend8,jdbcType=VARCHAR},
			</if>
			<if test="jcsbExtend9 != null">
				JCSB_EXTEND9 = #{jcsbExtend9,jdbcType=VARCHAR},
			</if>
			<if test="jcsbExtend10 != null">
				JCSB_EXTEND10 = #{jcsbExtend10,jdbcType=VARCHAR},
			</if>
		</set>
		where JCSB_ID = #{jcsbId,jdbcType=INTEGER}
	</update>
	<select id="findByCondition" resultMap="BaseResultMap"
		parameterType="map">
		select
		<include refid="Base_Column_List" />
		from detection_device
		where 1=1
		<if test="jcsbName != null">
			and JCSB_NAME = #{jcsbName,jdbcType=VARCHAR}
		</if>
		<if test="jcsbCode != null">
			and JCSB_CODE = #{jcsbCode,jdbcType=VARCHAR}
		</if>
		<if test="jcsbIp != null">
			and JCSB_IP = #{jcsbIp,jdbcType=VARCHAR}
		</if>
		<if test="jcsbType != null">
			and JCSB_TYPE = #{jcsbType,jdbcType=VARCHAR}
		</if>
		<if test="jcsbPictureWjId != null">
			and JCSB_PICTURE_WJ_ID =
			#{jcsbPictureWjId,jdbcType=INTEGER}
		</if>
		<if test="jcsbFzCode != null">
			and JCSB_FZ_CODE = #{jcsbFzCode,jdbcType=VARCHAR}
		</if>
		<if test="jcsbLocal != null">
			and JCSB_LOCAL = #{jcsbLocal,jdbcType=VARCHAR}
		</if>
		<if test="jcsbManufacturer != null">
			and JCSB_MANUFACTURER =
			#{jcsbManufacturer,jdbcType=VARCHAR}
		</if>
		<if test="jcsbManufacturerConnection != null">
			and JCSB_MANUFACTURER_CONNECTION =
			#{jcsbManufacturerConnection,jdbcType=VARCHAR}
		</if>
		<if test="jcsbDefaultEnergyConsumption != null">
			and JCSB_DEFAULT_ENERGY_CONSUMPTION =
			#{jcsbDefaultEnergyConsumption,jdbcType=VARCHAR}
		</if>
		<if test="jcsbDefaultWorkHours != null">
			and JCSB_DEFAULT_WORK_HOURS =
			#{jcsbDefaultWorkHours,jdbcType=INTEGER}
		</if>
		<if test="jcsbDefaultTotalProduction != null">
			and JCSB_DEFAULT_TOTAL_PRODUCTION =
			#{jcsbDefaultTotalProduction,jdbcType=BIGINT}
		</if>
		<if test="jcsbInvestmentTime != null">
			and JCSB_INVESTMENT_TIME =
			#{jcsbInvestmentTime,jdbcType=BIGINT}
		</if>
		<if test="jcsbMaintenanceTime != null">
			and JCSB_MAINTENANCE_TIME =
			#{jcsbMaintenanceTime,jdbcType=BIGINT}
		</if>
		<if test="jcsbDeleteTime != null">
			and JCSB_DELETE_TIME = #{jcsbDeleteTime,jdbcType=BIGINT}
		</if>
		<if test="jcsbUpdateTime != null">
			and JCSB_UPDATE_TIME = #{jcsbUpdateTime,jdbcType=BIGINT}
		</if>
		<if test="jcsbCreateTime != null">
			and JCSB_CREATE_TIME = #{jcsbCreateTime,jdbcType=BIGINT}
		</if>
		<if test="jcsbState != null">
			and JCSB_STATE = #{jcsbState,jdbcType=INTEGER}
		</if>
		<if test="jcsbCreateUserId != null">
			and JCSB_CREATE_USER_ID =
			#{jcsbCreateUserId,jdbcType=INTEGER}
		</if>
		<if test="jcsbSblxName != null">
			and JCSB_SBLX_NAME = #{jcsbSblxName,jdbcType=VARCHAR}
		</if>
		<if test="jcsbPrepareWorkingMinutes != null">
			and JCSB_PREPARE_WORKING_MINUTES_ =
			#{jcsbPrepareWorkingMinutes,jdbcType=INTEGER}
		</if>
		<if test="jcsbWorkingHoursPerShift != null">
			and JCSB_WORKING_HOURS_PER_SHIFT =
			#{jcsbWorkingHoursPerShift,jdbcType=INTEGER}
		</if>
		<if test="jcsbPost != null">
			and JCSB_POST = #{jcsbPost,jdbcType=VARCHAR}
		</if>
		<if test="jcsbIconWidth != null">
			and JCSB_ICON_WIDTH = #{jcsbIconWidth,jdbcType=BIGINT}
		</if>
		<if test="jcsbIconHeight != null">
			and JCSB_ICON_HEIGHT = #{jcsbIconHeight,jdbcType=BIGINT}
		</if>
		<if test="jcsbRateX != null">
			and JCSB_RATE_X = #{jcsbRateX,jdbcType=DOUBLE}
		</if>
		<if test="jcsbRateY != null">
			and JCSB_RATE_Y = #{jcsbRateY,jdbcType=DOUBLE}
		</if>
		<if test="jcsbRatePicPrefix != null">
			and JCSB_RATE_PIC_PREFIX =
			#{jcsbRatePicPrefix,jdbcType=VARCHAR}
		</if>
		<if test="jcsbModel != null">
			and JCSB_MODEL = #{jcsbModel,jdbcType=VARCHAR}
		</if>
		<if test="jcsbLevel != null">
			and JCSB_LEVEL = #{jcsbLevel,jdbcType=VARCHAR}
		</if>
		<if test="jcsbProductionDate != null">
			and JCSB_PRODUCTION_DATE =
			#{jcsbProductionDate,jdbcType=VARCHAR}
		</if>
		<if test="jcsbMotorCapacity != null">
			and JCSB_MOTOR_CAPACITY =
			#{jcsbMotorCapacity,jdbcType=VARCHAR}
		</if>
		<if test="jcsbOldCode != null">
			and JCSB_OLD_CODE = #{jcsbOldCode,jdbcType=VARCHAR}
		</if>
		<if test="jcsbExtend1 != null">
			and JCSB_EXTEND1 = #{jcsbExtend1,jdbcType=VARCHAR}
		</if>
		<if test="jcsbExtend2 != null">
			and JCSB_EXTEND2 = #{jcsbExtend2,jdbcType=VARCHAR}
		</if>
		<if test="jcsbExtend3 != null">
			and JCSB_EXTEND3 = #{jcsbExtend3,jdbcType=VARCHAR}
		</if>
		<if test="jcsbExtend4 != null">
			and JCSB_EXTEND4 = #{jcsbExtend4,jdbcType=VARCHAR}
		</if>
		<if test="jcsbExtend5 != null">
			and JCSB_EXTEND5 = #{jcsbExtend5,jdbcType=VARCHAR}
		</if>
		<if test="jcsbExtend6 != null">
			and JCSB_EXTEND6 = #{jcsbExtend6,jdbcType=VARCHAR}
		</if>
		<if test="jcsbExtend7 != null">
			and JCSB_EXTEND7 = #{jcsbExtend7,jdbcType=VARCHAR}
		</if>
		<if test="jcsbExtend8 != null">
			and JCSB_EXTEND8 = #{jcsbExtend8,jdbcType=VARCHAR}
		</if>
		<if test="jcsbExtend9 != null">
			and JCSB_EXTEND9 = #{jcsbExtend9,jdbcType=VARCHAR}
		</if>
		<if test="jcsbExtend10 != null">
			and JCSB_EXTEND10 = #{jcsbExtend10,jdbcType=VARCHAR}
		</if>
		<if test="limit!=null and offset!=null">
			limit #{offset,jdbcType=INTEGER},#{limit,jdbcType=INTEGER}
		</if>
	</select>
	<select id="count" resultType="java.lang.Integer"
		parameterType="Map">
		select count(*) from detection_device
		where 1=1
		<if test="jcsbName != null">
			and JCSB_NAME = #{jcsbName,jdbcType=VARCHAR}
		</if>
		<if test="jcsbCode != null">
			and JCSB_CODE = #{jcsbCode,jdbcType=VARCHAR}
		</if>
		<if test="jcsbIp != null">
			and JCSB_IP = #{jcsbIp,jdbcType=VARCHAR}
		</if>
		<if test="jcsbType != null">
			and JCSB_TYPE = #{jcsbType,jdbcType=VARCHAR}
		</if>
		<if test="jcsbPictureWjId != null">
			and JCSB_PICTURE_WJ_ID =
			#{jcsbPictureWjId,jdbcType=INTEGER}
		</if>
		<if test="jcsbFzCode != null">
			and JCSB_FZ_CODE = #{jcsbFzCode,jdbcType=VARCHAR}
		</if>
		<if test="jcsbLocal != null">
			and JCSB_LOCAL = #{jcsbLocal,jdbcType=VARCHAR}
		</if>
		<if test="jcsbManufacturer != null">
			and JCSB_MANUFACTURER =
			#{jcsbManufacturer,jdbcType=VARCHAR}
		</if>
		<if test="jcsbManufacturerConnection != null">
			and JCSB_MANUFACTURER_CONNECTION =
			#{jcsbManufacturerConnection,jdbcType=VARCHAR}
		</if>
		<if test="jcsbDefaultEnergyConsumption != null">
			and JCSB_DEFAULT_ENERGY_CONSUMPTION =
			#{jcsbDefaultEnergyConsumption,jdbcType=VARCHAR}
		</if>
		<if test="jcsbDefaultWorkHours != null">
			and JCSB_DEFAULT_WORK_HOURS =
			#{jcsbDefaultWorkHours,jdbcType=INTEGER}
		</if>
		<if test="jcsbDefaultTotalProduction != null">
			and JCSB_DEFAULT_TOTAL_PRODUCTION =
			#{jcsbDefaultTotalProduction,jdbcType=BIGINT}
		</if>
		<if test="jcsbInvestmentTime != null">
			and JCSB_INVESTMENT_TIME =
			#{jcsbInvestmentTime,jdbcType=BIGINT}
		</if>
		<if test="jcsbMaintenanceTime != null">
			and JCSB_MAINTENANCE_TIME =
			#{jcsbMaintenanceTime,jdbcType=BIGINT}
		</if>
		<if test="jcsbDeleteTime != null">
			and JCSB_DELETE_TIME = #{jcsbDeleteTime,jdbcType=BIGINT}
		</if>
		<if test="jcsbUpdateTime != null">
			and JCSB_UPDATE_TIME = #{jcsbUpdateTime,jdbcType=BIGINT}
		</if>
		<if test="jcsbCreateTime != null">
			and JCSB_CREATE_TIME = #{jcsbCreateTime,jdbcType=BIGINT}
		</if>
		<if test="jcsbState != null">
			and JCSB_STATE = #{jcsbState,jdbcType=INTEGER}
		</if>
		<if test="jcsbCreateUserId != null">
			and JCSB_CREATE_USER_ID =
			#{jcsbCreateUserId,jdbcType=INTEGER}
		</if>
		<if test="jcsbSblxName != null">
			and JCSB_SBLX_NAME = #{jcsbSblxName,jdbcType=VARCHAR}
		</if>
		<if test="jcsbPrepareWorkingMinutes != null">
			and JCSB_PREPARE_WORKING_MINUTES_ =
			#{jcsbPrepareWorkingMinutes,jdbcType=INTEGER}
		</if>
		<if test="jcsbWorkingHoursPerShift != null">
			and JCSB_WORKING_HOURS_PER_SHIFT =
			#{jcsbWorkingHoursPerShift,jdbcType=INTEGER}
		</if>
		<if test="jcsbPost != null">
			and JCSB_POST = #{jcsbPost,jdbcType=VARCHAR}
		</if>
		<if test="jcsbIconWidth != null">
			and JCSB_ICON_WIDTH = #{jcsbIconWidth,jdbcType=BIGINT}
		</if>
		<if test="jcsbIconHeight != null">
			and JCSB_ICON_HEIGHT = #{jcsbIconHeight,jdbcType=BIGINT}
		</if>
		<if test="jcsbRateX != null">
			and JCSB_RATE_X = #{jcsbRateX,jdbcType=DOUBLE}
		</if>
		<if test="jcsbRateY != null">
			and JCSB_RATE_Y = #{jcsbRateY,jdbcType=DOUBLE}
		</if>
		<if test="jcsbRatePicPrefix != null">
			and JCSB_RATE_PIC_PREFIX =
			#{jcsbRatePicPrefix,jdbcType=VARCHAR}
		</if>
		<if test="jcsbModel != null">
			and JCSB_MODEL = #{jcsbModel,jdbcType=VARCHAR}
		</if>
		<if test="jcsbLevel != null">
			and JCSB_LEVEL = #{jcsbLevel,jdbcType=VARCHAR}
		</if>
		<if test="jcsbProductionDate != null">
			and JCSB_PRODUCTION_DATE =
			#{jcsbProductionDate,jdbcType=VARCHAR}
		</if>
		<if test="jcsbMotorCapacity != null">
			and JCSB_MOTOR_CAPACITY =
			#{jcsbMotorCapacity,jdbcType=VARCHAR}
		</if>
		<if test="jcsbOldCode != null">
			and JCSB_OLD_CODE = #{jcsbOldCode,jdbcType=VARCHAR}
		</if>
		<if test="jcsbExtend1 != null">
			and JCSB_EXTEND1 = #{jcsbExtend1,jdbcType=VARCHAR}
		</if>
		<if test="jcsbExtend2 != null">
			and JCSB_EXTEND2 = #{jcsbExtend2,jdbcType=VARCHAR}
		</if>
		<if test="jcsbExtend3 != null">
			and JCSB_EXTEND3 = #{jcsbExtend3,jdbcType=VARCHAR}
		</if>
		<if test="jcsbExtend4 != null">
			and JCSB_EXTEND4 = #{jcsbExtend4,jdbcType=VARCHAR}
		</if>
		<if test="jcsbExtend5 != null">
			and JCSB_EXTEND5 = #{jcsbExtend5,jdbcType=VARCHAR}
		</if>
		<if test="jcsbExtend6 != null">
			and JCSB_EXTEND6 = #{jcsbExtend6,jdbcType=VARCHAR}
		</if>
		<if test="jcsbExtend7 != null">
			and JCSB_EXTEND7 = #{jcsbExtend7,jdbcType=VARCHAR}
		</if>
		<if test="jcsbExtend8 != null">
			and JCSB_EXTEND8 = #{jcsbExtend8,jdbcType=VARCHAR}
		</if>
		<if test="jcsbExtend9 != null">
			and JCSB_EXTEND9 = #{jcsbExtend9,jdbcType=VARCHAR}
		</if>
		<if test="jcsbExtend10 != null">
			and JCSB_EXTEND10 = #{jcsbExtend10,jdbcType=VARCHAR}
		</if>
	</select>
</mapper>