<?xml version="1.0" encoding="UTF-8" ?>
<!DOCTYPE mapper PUBLIC "-//mybatis.org//DTD Mapper 3.0//EN" "http://mybatis.org/dtd/mybatis-3-mapper.dtd" >
<mapper namespace="com.nbst.dao.mapper.ispcweb.OccRuleMapper">
	<resultMap id="BaseResultMap" type="com.nbst.model.OccRule">
		<id column="PYGZ_RULE_ID" property="pygzRuleId" jdbcType="INTEGER" />
		<result column="PYGZ_RULE_DESCRIBE" property="pygzRuleDescribe"
			jdbcType="VARCHAR" />
		<result column="PYGZ_VARIATE" property="pygzVariate" jdbcType="VARCHAR" />
		<result column="PYGZ_RULE_EXTEND1" property="pygzRuleExtend1"
			jdbcType="VARCHAR" />
		<result column="PYGZ_RULE_EXTEND2" property="pygzRuleExtend2"
			jdbcType="VARCHAR" />
		<result column="PYGZ_RULE_EXTEND3" property="pygzRuleExtend3"
			jdbcType="VARCHAR" />
		<result column="PYGZ_RULE_EXTEND4" property="pygzRuleExtend4"
			jdbcType="VARCHAR" />
		<result column="PYGZ_RULE_EXTEND5" property="pygzRuleExtend5"
			jdbcType="VARCHAR" />
	</resultMap>
	<sql id="Base_Column_List">
		PYGZ_RULE_ID, PYGZ_RULE_DESCRIBE, PYGZ_VARIATE, PYGZ_RULE_EXTEND1,
		PYGZ_RULE_EXTEND2,
		PYGZ_RULE_EXTEND3, PYGZ_RULE_EXTEND4, PYGZ_RULE_EXTEND5
	</sql>
	<select id="findById" resultMap="BaseResultMap" parameterType="java.lang.Integer">
		select
		<include refid="Base_Column_List" />
		from occ_rule
		where PYGZ_RULE_ID = #{pygzRuleId,jdbcType=INTEGER}
	</select>
	<delete id="delete" parameterType="java.lang.Integer">
		delete from occ_rule
		where PYGZ_RULE_ID = #{pygzRuleId,jdbcType=INTEGER}
	</delete>
	<insert id="insert" parameterType="com.nbst.model.OccRule"
		useGeneratedKeys="true" keyProperty="pygzRuleId">
		insert into occ_rule
		<trim prefix="(" suffix=")" suffixOverrides=",">
			<if test="pygzRuleId != null">
				PYGZ_RULE_ID,
			</if>
			<if test="pygzRuleDescribe != null">
				PYGZ_RULE_DESCRIBE,
			</if>
			<if test="pygzVariate != null">
				PYGZ_VARIATE,
			</if>
			<if test="pygzRuleExtend1 != null">
				PYGZ_RULE_EXTEND1,
			</if>
			<if test="pygzRuleExtend2 != null">
				PYGZ_RULE_EXTEND2,
			</if>
			<if test="pygzRuleExtend3 != null">
				PYGZ_RULE_EXTEND3,
			</if>
			<if test="pygzRuleExtend4 != null">
				PYGZ_RULE_EXTEND4,
			</if>
			<if test="pygzRuleExtend5 != null">
				PYGZ_RULE_EXTEND5,
			</if>
		</trim>
		<trim prefix="values (" suffix=")" suffixOverrides=",">
			<if test="pygzRuleId != null">
				#{pygzRuleId,jdbcType=INTEGER},
			</if>
			<if test="pygzRuleDescribe != null">
				#{pygzRuleDescribe,jdbcType=VARCHAR},
			</if>
			<if test="pygzVariate != null">
				#{pygzVariate,jdbcType=VARCHAR},
			</if>
			<if test="pygzRuleExtend1 != null">
				#{pygzRuleExtend1,jdbcType=VARCHAR},
			</if>
			<if test="pygzRuleExtend2 != null">
				#{pygzRuleExtend2,jdbcType=VARCHAR},
			</if>
			<if test="pygzRuleExtend3 != null">
				#{pygzRuleExtend3,jdbcType=VARCHAR},
			</if>
			<if test="pygzRuleExtend4 != null">
				#{pygzRuleExtend4,jdbcType=VARCHAR},
			</if>
			<if test="pygzRuleExtend5 != null">
				#{pygzRuleExtend5,jdbcType=VARCHAR},
			</if>
		</trim>
	</insert>
	<update id="update" parameterType="com.nbst.model.OccRule">
		update occ_rule
		<set>
			<if test="pygzRuleDescribe != null">
				PYGZ_RULE_DESCRIBE = #{pygzRuleDescribe,jdbcType=VARCHAR},
			</if>
			<if test="pygzVariate != null">
				PYGZ_VARIATE = #{pygzVariate,jdbcType=VARCHAR},
			</if>
			<if test="pygzRuleExtend1 != null">
				PYGZ_RULE_EXTEND1 = #{pygzRuleExtend1,jdbcType=VARCHAR},
			</if>
			<if test="pygzRuleExtend2 != null">
				PYGZ_RULE_EXTEND2 = #{pygzRuleExtend2,jdbcType=VARCHAR},
			</if>
			<if test="pygzRuleExtend3 != null">
				PYGZ_RULE_EXTEND3 = #{pygzRuleExtend3,jdbcType=VARCHAR},
			</if>
			<if test="pygzRuleExtend4 != null">
				PYGZ_RULE_EXTEND4 = #{pygzRuleExtend4,jdbcType=VARCHAR},
			</if>
			<if test="pygzRuleExtend5 != null">
				PYGZ_RULE_EXTEND5 = #{pygzRuleExtend5,jdbcType=VARCHAR},
			</if>
		</set>
		where PYGZ_RULE_ID = #{pygzRuleId,jdbcType=INTEGER}
	</update>
	<select id="findByCondition" resultMap="BaseResultMap"
		parameterType="map">
		select
		<include refid="Base_Column_List" />
		from occ_rule
		where 1=1
		<if test="pygzRuleDescribe != null">
			and PYGZ_RULE_DESCRIBE = #{pygzRuleDescribe,jdbcType=VARCHAR}
		</if>
		<if test="pygzVariate != null">
			and PYGZ_VARIATE = #{pygzVariate,jdbcType=VARCHAR}
		</if>
		<if test="pygzRuleExtend1 != null">
			and PYGZ_RULE_EXTEND1 = #{pygzRuleExtend1,jdbcType=VARCHAR}
		</if>
		<if test="pygzRuleExtend2 != null">
			and PYGZ_RULE_EXTEND2 = #{pygzRuleExtend2,jdbcType=VARCHAR}
		</if>
		<if test="pygzRuleExtend3 != null">
			and PYGZ_RULE_EXTEND3 = #{pygzRuleExtend3,jdbcType=VARCHAR}
		</if>
		<if test="pygzRuleExtend4 != null">
			and PYGZ_RULE_EXTEND4 = #{pygzRuleExtend4,jdbcType=VARCHAR}
		</if>
		<if test="pygzRuleExtend5 != null">
			and PYGZ_RULE_EXTEND5 = #{pygzRuleExtend5,jdbcType=VARCHAR}
		</if>
		<if test="limit!=null and offset!=null">
			limit #{offset,jdbcType=INTEGER},#{limit,jdbcType=INTEGER}
		</if>
	</select>
	<select id="count" resultType="java.lang.Integer" parameterType="Map">
		select count(*) from occ_rule
		where 1=1
		<if test="pygzRuleDescribe != null">
			and PYGZ_RULE_DESCRIBE = #{pygzRuleDescribe,jdbcType=VARCHAR}
		</if>
		<if test="pygzVariate != null">
			and PYGZ_VARIATE = #{pygzVariate,jdbcType=VARCHAR}
		</if>
		<if test="pygzRuleExtend1 != null">
			and PYGZ_RULE_EXTEND1 = #{pygzRuleExtend1,jdbcType=VARCHAR}
		</if>
		<if test="pygzRuleExtend2 != null">
			and PYGZ_RULE_EXTEND2 = #{pygzRuleExtend2,jdbcType=VARCHAR}
		</if>
		<if test="pygzRuleExtend3 != null">
			and PYGZ_RULE_EXTEND3 = #{pygzRuleExtend3,jdbcType=VARCHAR}
		</if>
		<if test="pygzRuleExtend4 != null">
			and PYGZ_RULE_EXTEND4 = #{pygzRuleExtend4,jdbcType=VARCHAR}
		</if>
		<if test="pygzRuleExtend5 != null">
			and PYGZ_RULE_EXTEND5 = #{pygzRuleExtend5,jdbcType=VARCHAR}
		</if>
	</select>
</mapper>