<?xml version="1.0" encoding="UTF-8" ?>
<!DOCTYPE mapper PUBLIC "-//mybatis.org//DTD Mapper 3.0//EN" "http://mybatis.org/dtd/mybatis-3-mapper.dtd" >
<mapper namespace="com.nbst.dao.mapper.ispcweb.OccRuleInstanceMapper">
	<resultMap id="BaseResultMap" type="com.nbst.model.OccRuleInstance">
		<id column="PYGZSL_ID" property="pygzslId" jdbcType="INTEGER" />
		<result column="PYGZSL_NAME" property="pygzslName" jdbcType="VARCHAR" />
		<result column="PYGZSL_VALUE" property="pygzslValue" jdbcType="INTEGER" />
		<result column="PYGZSL_OOC_RULE_ID" property="pygzslOocRuleId"
			jdbcType="INTEGER" />
		<result column="PYGZSL_CONTROL_CHART_ID" property="pygzslControlChartId"
			jdbcType="INTEGER" />
		<result column="PYGZSL_EXTEND1" property="pygzslExtend1"
			jdbcType="VARCHAR" />
		<result column="PYGZSL_EXTEND2" property="pygzslExtend2"
			jdbcType="VARCHAR" />
		<result column="PYGZSL_EXTEND3" property="pygzslExtend3"
			jdbcType="VARCHAR" />
		<result column="PYGZSL_EXTEND4" property="pygzslExtend4"
			jdbcType="VARCHAR" />
		<result column="PYGZSL_EXTEND5" property="pygzslExtend5"
			jdbcType="VARCHAR" />
	</resultMap>
	<sql id="Base_Column_List">
		PYGZSL_ID, PYGZSL_NAME, PYGZSL_VALUE, PYGZSL_OOC_RULE_ID,
		PYGZSL_CONTROL_CHART_ID,
		PYGZSL_EXTEND1, PYGZSL_EXTEND2,
		PYGZSL_EXTEND3, PYGZSL_EXTEND4, PYGZSL_EXTEND5
	</sql>
	<select id="findById" resultMap="BaseResultMap" parameterType="java.lang.Integer">
		select
		<include refid="Base_Column_List" />
		from occ_rule_instance
		where PYGZSL_ID = #{pygzslId,jdbcType=INTEGER}
	</select>
	<delete id="delete" parameterType="java.lang.Integer">
		delete from occ_rule_instance
		where PYGZSL_ID = #{pygzslId,jdbcType=INTEGER}
	</delete>
	<insert id="insert" parameterType="com.nbst.model.OccRuleInstance"
		useGeneratedKeys="true" keyProperty="pygzslId">
		insert into occ_rule_instance
		<trim prefix="(" suffix=")" suffixOverrides=",">
			<if test="pygzslId != null">
				PYGZSL_ID,
			</if>
			<if test="pygzslName != null">
				PYGZSL_NAME,
			</if>
			<if test="pygzslValue != null">
				PYGZSL_VALUE,
			</if>
			<if test="pygzslOocRuleId != null">
				PYGZSL_OOC_RULE_ID,
			</if>
			<if test="pygzslControlChartId != null">
				PYGZSL_CONTROL_CHART_ID,
			</if>
			<if test="pygzslExtend1 != null">
				PYGZSL_EXTEND1,
			</if>
			<if test="pygzslExtend2 != null">
				PYGZSL_EXTEND2,
			</if>
			<if test="pygzslExtend3 != null">
				PYGZSL_EXTEND3,
			</if>
			<if test="pygzslExtend4 != null">
				PYGZSL_EXTEND4,
			</if>
			<if test="pygzslExtend5 != null">
				PYGZSL_EXTEND5,
			</if>
		</trim>
		<trim prefix="values (" suffix=")" suffixOverrides=",">
			<if test="pygzslId != null">
				#{pygzslId,jdbcType=INTEGER},
			</if>
			<if test="pygzslName != null">
				#{pygzslName,jdbcType=VARCHAR},
			</if>
			<if test="pygzslValue != null">
				#{pygzslValue,jdbcType=INTEGER},
			</if>
			<if test="pygzslOocRuleId != null">
				#{pygzslOocRuleId,jdbcType=INTEGER},
			</if>
			<if test="pygzslControlChartId != null">
				#{pygzslControlChartId,jdbcType=INTEGER},
			</if>
			<if test="pygzslExtend1 != null">
				#{pygzslExtend1,jdbcType=VARCHAR},
			</if>
			<if test="pygzslExtend2 != null">
				#{pygzslExtend2,jdbcType=VARCHAR},
			</if>
			<if test="pygzslExtend3 != null">
				#{pygzslExtend3,jdbcType=VARCHAR},
			</if>
			<if test="pygzslExtend4 != null">
				#{pygzslExtend4,jdbcType=VARCHAR},
			</if>
			<if test="pygzslExtend5 != null">
				#{pygzslExtend5,jdbcType=VARCHAR},
			</if>
		</trim>
	</insert>
	<update id="update" parameterType="com.nbst.model.OccRuleInstance">
		update occ_rule_instance
		<set>
			<if test="pygzslName != null">
				PYGZSL_NAME = #{pygzslName,jdbcType=VARCHAR},
			</if>
			<if test="pygzslValue != null">
				PYGZSL_VALUE = #{pygzslValue,jdbcType=INTEGER},
			</if>
			<if test="pygzslOocRuleId != null">
				PYGZSL_OOC_RULE_ID = #{pygzslOocRuleId,jdbcType=INTEGER},
			</if>
			<if test="pygzslControlChartId != null">
				PYGZSL_CONTROL_CHART_ID =
				#{pygzslControlChartId,jdbcType=INTEGER},
			</if>
			<if test="pygzslExtend1 != null">
				PYGZSL_EXTEND1 = #{pygzslExtend1,jdbcType=VARCHAR},
			</if>
			<if test="pygzslExtend2 != null">
				PYGZSL_EXTEND2 = #{pygzslExtend2,jdbcType=VARCHAR},
			</if>
			<if test="pygzslExtend3 != null">
				PYGZSL_EXTEND3 = #{pygzslExtend3,jdbcType=VARCHAR},
			</if>
			<if test="pygzslExtend4 != null">
				PYGZSL_EXTEND4 = #{pygzslExtend4,jdbcType=VARCHAR},
			</if>
			<if test="pygzslExtend5 != null">
				PYGZSL_EXTEND5 = #{pygzslExtend5,jdbcType=VARCHAR},
			</if>
		</set>
		where PYGZSL_ID = #{pygzslId,jdbcType=INTEGER}
	</update>
	<select id="findByCondition" resultMap="BaseResultMap"
		parameterType="map">
		select
		<include refid="Base_Column_List" />
		from occ_rule_instance
		where 1=1
		<if test="pygzslName != null">
			and PYGZSL_NAME = #{pygzslName,jdbcType=VARCHAR}
		</if>
		<if test="pygzslValue != null">
			and PYGZSL_VALUE = #{pygzslValue,jdbcType=INTEGER}
		</if>
		<if test="pygzslOocRuleId != null">
			and PYGZSL_OOC_RULE_ID =
			#{pygzslOocRuleId,jdbcType=INTEGER}
		</if>
		<if test="pygzslControlChartId != null">
			and PYGZSL_CONTROL_CHART_ID =
			#{pygzslControlChartId,jdbcType=INTEGER}
		</if>
		<if test="pygzslExtend1 != null">
			and PYGZSL_EXTEND1 = #{pygzslExtend1,jdbcType=VARCHAR}
		</if>
		<if test="pygzslExtend2 != null">
			and PYGZSL_EXTEND2 = #{pygzslExtend2,jdbcType=VARCHAR}
		</if>
		<if test="pygzslExtend3 != null">
			and PYGZSL_EXTEND3 = #{pygzslExtend3,jdbcType=VARCHAR}
		</if>
		<if test="pygzslExtend4 != null">
			and PYGZSL_EXTEND4 = #{pygzslExtend4,jdbcType=VARCHAR}
		</if>
		<if test="pygzslExtend5 != null">
			and PYGZSL_EXTEND5 = #{pygzslExtend5,jdbcType=VARCHAR}
		</if>
		<if test="limit!=null and offset!=null">
			limit #{offset,jdbcType=INTEGER},#{limit,jdbcType=INTEGER}
		</if>
	</select>
	<select id="count" resultType="java.lang.Integer" parameterType="Map">
		select count(*) from occ_rule_instance
		where 1=1
		<if test="pygzslName != null">
			and PYGZSL_NAME = #{pygzslName,jdbcType=VARCHAR}
		</if>
		<if test="pygzslValue != null">
			and PYGZSL_VALUE = #{pygzslValue,jdbcType=INTEGER}
		</if>
		<if test="pygzslOocRuleId != null">
			and PYGZSL_OOC_RULE_ID =
			#{pygzslOocRuleId,jdbcType=INTEGER}
		</if>
		<if test="pygzslControlChartId != null">
			and PYGZSL_CONTROL_CHART_ID =
			#{pygzslControlChartId,jdbcType=INTEGER}
		</if>
		<if test="pygzslExtend1 != null">
			and PYGZSL_EXTEND1 = #{pygzslExtend1,jdbcType=VARCHAR}
		</if>
		<if test="pygzslExtend2 != null">
			and PYGZSL_EXTEND2 = #{pygzslExtend2,jdbcType=VARCHAR}
		</if>
		<if test="pygzslExtend3 != null">
			and PYGZSL_EXTEND3 = #{pygzslExtend3,jdbcType=VARCHAR}
		</if>
		<if test="pygzslExtend4 != null">
			and PYGZSL_EXTEND4 = #{pygzslExtend4,jdbcType=VARCHAR}
		</if>
		<if test="pygzslExtend5 != null">
			and PYGZSL_EXTEND5 = #{pygzslExtend5,jdbcType=VARCHAR}
		</if>
	</select>
	<select id="findOOCRuleByControlChartId" resultType="map" parameterType="java.lang.Integer">
		select
			PYGZSL_OOC_RULE_ID occRuleId,
			occ_rule.PYGZ_RULE_EXTEND1 occRuleCode,
			occ_rule.PYGZ_RULE_DESCRIBE occRuleDescribe
		from occ_rule_instance
		left join occ_rule on occ_rule.PYGZ_RULE_ID = occ_rule_instance.PYGZSL_OOC_RULE_ID
		where PYGZSL_CONTROL_CHART_ID = #{pygzslControlChartId,jdbcType=INTEGER}
		group by occ_rule.PYGZ_RULE_ID
	</select>
	<select id="findOOCRuleInstanceByControlChartIdOccRuleId" resultType="java.lang.Integer" parameterType="map">
		select
			PYGZSL_VALUE
		from occ_rule_instance
		where PYGZSL_CONTROL_CHART_ID = #{pygzslControlChartId,jdbcType=INTEGER}
		and PYGZSL_OOC_RULE_ID = #{pygzslOocRuleId,jdbcType=INTEGER}
	</select>
</mapper>