<?xml version="1.0" encoding="UTF-8" ?>
<!DOCTYPE mapper PUBLIC "-//mybatis.org//DTD Mapper 3.0//EN" "http://mybatis.org/dtd/mybatis-3-mapper.dtd" >
<mapper namespace="com.nbst.dao.mapper.ispcweb.OutOfControlRecordMapper" >
  <resultMap id="BaseResultMap" type="com.nbst.model.OutOfControlRecord" >
    <id column="SKJL_ID" property="skjlId" jdbcType="INTEGER" />
    <result column="SKJL_CONTROL_CHART_ID" property="skjlControlChartId" jdbcType="INTEGER" />
    <result column="SKJL_DETECTION_DATA_ID" property="skjlDetectionDataId" jdbcType="INTEGER" />
    <result column="SKJL_REASON" property="skjlReason" jdbcType="VARCHAR" />
    <result column="SKJL_STEP" property="skjlStep" jdbcType="VARCHAR" />
    <result column="SKJL_MANAGE_PERSON_ID" property="skjlManagePersonId" jdbcType="INTEGER" />
    <result column="SKJL_MANAGE_TIME" property="skjlManageTime" jdbcType="BIGINT" />
    <result column="SKJL_AUDIT_STATE" property="skjlAuditState" jdbcType="INTEGER" />
    <result column="SKJL_AUDIT_RESULT" property="skjlAuditResult" jdbcType="VARCHAR" />
    <result column="SKJL_AUDIT_DESCRIBE" property="skjlAuditDescribe" jdbcType="VARCHAR" />
    <result column="SKJL_AUDIT_PERSION_ID" property="skjlAuditPersionId" jdbcType="INTEGER" />
    <result column="SKJL_AUDIT_TIME" property="skjlAuditTime" jdbcType="BIGINT" />
    <result column="SKJL_EXTEND1" property="skjlExtend1" jdbcType="VARCHAR" />
    <result column="SKJL_EXTEND2" property="skjlExtend2" jdbcType="VARCHAR" />
    <result column="SKJL_EXTEND3" property="skjlExtend3" jdbcType="VARCHAR" />
    <result column="SKJL_EXTEND4" property="skjlExtend4" jdbcType="VARCHAR" />
    <result column="SKJL_EXTEND5" property="skjlExtend5" jdbcType="VARCHAR" />
  </resultMap>
  <sql id="Base_Column_List" >
    SKJL_ID, SKJL_CONTROL_CHART_ID, SKJL_DETECTION_DATA_ID, SKJL_REASON, SKJL_STEP, SKJL_MANAGE_PERSON_ID, 
    SKJL_MANAGE_TIME, SKJL_AUDIT_STATE, SKJL_AUDIT_RESULT, SKJL_AUDIT_DESCRIBE, SKJL_AUDIT_PERSION_ID, 
    SKJL_AUDIT_TIME, SKJL_EXTEND1, SKJL_EXTEND2, SKJL_EXTEND3, SKJL_EXTEND4, SKJL_EXTEND5
  </sql>
  <select id="findById" resultMap="BaseResultMap" parameterType="java.lang.Integer" >
    select 
    <include refid="Base_Column_List" />
    from out_of_control_record
    where SKJL_ID = #{skjlId,jdbcType=INTEGER}
  </select>
  <delete id="delete" parameterType="java.lang.Integer" >
    delete from out_of_control_record
    where SKJL_ID = #{skjlId,jdbcType=INTEGER}
  </delete>
  <insert id="insert" parameterType="com.nbst.model.OutOfControlRecord" 
  useGeneratedKeys="true" keyProperty="skjlId" >
    insert into out_of_control_record
    <trim prefix="(" suffix=")" suffixOverrides="," >
      <if test="skjlId != null" >
        SKJL_ID,
      </if>
      <if test="skjlControlChartId != null" >
        SKJL_CONTROL_CHART_ID,
      </if>
      <if test="skjlDetectionDataId != null" >
        SKJL_DETECTION_DATA_ID,
      </if>
      <if test="skjlReason != null" >
        SKJL_REASON,
      </if>
      <if test="skjlStep != null" >
        SKJL_STEP,
      </if>
      <if test="skjlManagePersonId != null" >
        SKJL_MANAGE_PERSON_ID,
      </if>
      <if test="skjlManageTime != null" >
        SKJL_MANAGE_TIME,
      </if>
      <if test="skjlAuditState != null" >
        SKJL_AUDIT_STATE,
      </if>
      <if test="skjlAuditResult != null" >
        SKJL_AUDIT_RESULT,
      </if>
      <if test="skjlAuditDescribe != null" >
        SKJL_AUDIT_DESCRIBE,
      </if>
      <if test="skjlAuditPersionId != null" >
        SKJL_AUDIT_PERSION_ID,
      </if>
      <if test="skjlAuditTime != null" >
        SKJL_AUDIT_TIME,
      </if>
      <if test="skjlExtend1 != null" >
        SKJL_EXTEND1,
      </if>
      <if test="skjlExtend2 != null" >
        SKJL_EXTEND2,
      </if>
      <if test="skjlExtend3 != null" >
        SKJL_EXTEND3,
      </if>
      <if test="skjlExtend4 != null" >
        SKJL_EXTEND4,
      </if>
      <if test="skjlExtend5 != null" >
        SKJL_EXTEND5,
      </if>
    </trim>
    <trim prefix="values (" suffix=")" suffixOverrides="," >
      <if test="skjlId != null" >
        #{skjlId,jdbcType=INTEGER},
      </if>
      <if test="skjlControlChartId != null" >
        #{skjlControlChartId,jdbcType=INTEGER},
      </if>
      <if test="skjlDetectionDataId != null" >
        #{skjlDetectionDataId,jdbcType=INTEGER},
      </if>
      <if test="skjlReason != null" >
        #{skjlReason,jdbcType=VARCHAR},
      </if>
      <if test="skjlStep != null" >
        #{skjlStep,jdbcType=VARCHAR},
      </if>
      <if test="skjlManagePersonId != null" >
        #{skjlManagePersonId,jdbcType=INTEGER},
      </if>
      <if test="skjlManageTime != null" >
        #{skjlManageTime,jdbcType=BIGINT},
      </if>
      <if test="skjlAuditState != null" >
        #{skjlAuditState,jdbcType=INTEGER},
      </if>
      <if test="skjlAuditResult != null" >
        #{skjlAuditResult,jdbcType=VARCHAR},
      </if>
      <if test="skjlAuditDescribe != null" >
        #{skjlAuditDescribe,jdbcType=VARCHAR},
      </if>
      <if test="skjlAuditPersionId != null" >
        #{skjlAuditPersionId,jdbcType=INTEGER},
      </if>
      <if test="skjlAuditTime != null" >
        #{skjlAuditTime,jdbcType=BIGINT},
      </if>
      <if test="skjlExtend1 != null" >
        #{skjlExtend1,jdbcType=VARCHAR},
      </if>
      <if test="skjlExtend2 != null" >
        #{skjlExtend2,jdbcType=VARCHAR},
      </if>
      <if test="skjlExtend3 != null" >
        #{skjlExtend3,jdbcType=VARCHAR},
      </if>
      <if test="skjlExtend4 != null" >
        #{skjlExtend4,jdbcType=VARCHAR},
      </if>
      <if test="skjlExtend5 != null" >
        #{skjlExtend5,jdbcType=VARCHAR},
      </if>
    </trim>
  </insert>
  <update id="update" parameterType="com.nbst.model.OutOfControlRecord" >
    update out_of_control_record
    <set >
      <if test="skjlControlChartId != null" >
        SKJL_CONTROL_CHART_ID = #{skjlControlChartId,jdbcType=INTEGER},
      </if>
      <if test="skjlDetectionDataId != null" >
        SKJL_DETECTION_DATA_ID = #{skjlDetectionDataId,jdbcType=INTEGER},
      </if>
      <if test="skjlReason != null" >
        SKJL_REASON = #{skjlReason,jdbcType=VARCHAR},
      </if>
      <if test="skjlStep != null" >
        SKJL_STEP = #{skjlStep,jdbcType=VARCHAR},
      </if>
      <if test="skjlManagePersonId != null" >
        SKJL_MANAGE_PERSON_ID = #{skjlManagePersonId,jdbcType=INTEGER},
      </if>
      <if test="skjlManageTime != null" >
        SKJL_MANAGE_TIME = #{skjlManageTime,jdbcType=BIGINT},
      </if>
      <if test="skjlAuditState != null" >
        SKJL_AUDIT_STATE = #{skjlAuditState,jdbcType=INTEGER},
      </if>
      <if test="skjlAuditResult != null" >
        SKJL_AUDIT_RESULT = #{skjlAuditResult,jdbcType=VARCHAR},
      </if>
      <if test="skjlAuditDescribe != null" >
        SKJL_AUDIT_DESCRIBE = #{skjlAuditDescribe,jdbcType=VARCHAR},
      </if>
      <if test="skjlAuditPersionId != null" >
        SKJL_AUDIT_PERSION_ID = #{skjlAuditPersionId,jdbcType=INTEGER},
      </if>
      <if test="skjlAuditTime != null" >
        SKJL_AUDIT_TIME = #{skjlAuditTime,jdbcType=BIGINT},
      </if>
      <if test="skjlExtend1 != null" >
        SKJL_EXTEND1 = #{skjlExtend1,jdbcType=VARCHAR},
      </if>
      <if test="skjlExtend2 != null" >
        SKJL_EXTEND2 = #{skjlExtend2,jdbcType=VARCHAR},
      </if>
      <if test="skjlExtend3 != null" >
        SKJL_EXTEND3 = #{skjlExtend3,jdbcType=VARCHAR},
      </if>
      <if test="skjlExtend4 != null" >
        SKJL_EXTEND4 = #{skjlExtend4,jdbcType=VARCHAR},
      </if>
      <if test="skjlExtend5 != null" >
        SKJL_EXTEND5 = #{skjlExtend5,jdbcType=VARCHAR},
      </if>
    </set>
    where SKJL_ID = #{skjlId,jdbcType=INTEGER}
  </update>
  <select id="findByCondition" resultMap="BaseResultMap" parameterType="map" >
    select 
    <include refid="Base_Column_List" />
    from out_of_control_record
    where 1=1
    <if test="skjlControlChartId != null" >
        and SKJL_CONTROL_CHART_ID = #{skjlControlChartId,jdbcType=INTEGER}
      </if>
      <if test="skjlDetectionDataId != null" >
        and SKJL_DETECTION_DATA_ID = #{skjlDetectionDataId,jdbcType=INTEGER}
      </if>
      <if test="skjlReason != null" >
        and SKJL_REASON = #{skjlReason,jdbcType=VARCHAR}
      </if>
      <if test="skjlStep != null" >
        and SKJL_STEP = #{skjlStep,jdbcType=VARCHAR}
      </if>
      <if test="skjlManagePersonId != null" >
        and SKJL_MANAGE_PERSON_ID = #{skjlManagePersonId,jdbcType=INTEGER}
      </if>
      <if test="skjlManageTime != null" >
        and SKJL_MANAGE_TIME = #{skjlManageTime,jdbcType=BIGINT}
      </if>
      <if test="skjlAuditState != null" >
        and SKJL_AUDIT_STATE = #{skjlAuditState,jdbcType=INTEGER}
      </if>
      <if test="skjlAuditResult != null" >
        and SKJL_AUDIT_RESULT = #{skjlAuditResult,jdbcType=VARCHAR}
      </if>
      <if test="skjlAuditDescribe != null" >
        and SKJL_AUDIT_DESCRIBE = #{skjlAuditDescribe,jdbcType=VARCHAR}
      </if>
      <if test="skjlAuditPersionId != null" >
        and SKJL_AUDIT_PERSION_ID = #{skjlAuditPersionId,jdbcType=INTEGER}
      </if>
      <if test="skjlAuditTime != null" >
        and SKJL_AUDIT_TIME = #{skjlAuditTime,jdbcType=BIGINT}
      </if>
      <if test="skjlExtend1 != null" >
        and SKJL_EXTEND1 = #{skjlExtend1,jdbcType=VARCHAR}
      </if>
      <if test="skjlExtend2 != null" >
        and SKJL_EXTEND2 = #{skjlExtend2,jdbcType=VARCHAR}
      </if>
      <if test="skjlExtend3 != null" >
        and SKJL_EXTEND3 = #{skjlExtend3,jdbcType=VARCHAR}
      </if>
      <if test="skjlExtend4 != null" >
        and SKJL_EXTEND4 = #{skjlExtend4,jdbcType=VARCHAR}
      </if>
      <if test="skjlExtend5 != null" >
        and SKJL_EXTEND5 = #{skjlExtend5,jdbcType=VARCHAR}
      </if>
		<if test="limit!=null and offset!=null">
			limit #{offset,jdbcType=INTEGER},#{limit,jdbcType=INTEGER}
		</if>
  </select>
  <select id="count" resultType="java.lang.Integer"
		parameterType="Map">
		select count(*) from out_of_control_record
		where 1=1
	  <if test="skjlControlChartId != null" >
        and SKJL_CONTROL_CHART_ID = #{skjlControlChartId,jdbcType=INTEGER}
      </if>
      <if test="skjlDetectionDataId != null" >
        and SKJL_DETECTION_DATA_ID = #{skjlDetectionDataId,jdbcType=INTEGER}
      </if>
      <if test="skjlReason != null" >
        and SKJL_REASON = #{skjlReason,jdbcType=VARCHAR}
      </if>
      <if test="skjlStep != null" >
        and SKJL_STEP = #{skjlStep,jdbcType=VARCHAR}
      </if>
      <if test="skjlManagePersonId != null" >
        and SKJL_MANAGE_PERSON_ID = #{skjlManagePersonId,jdbcType=INTEGER}
      </if>
      <if test="skjlManageTime != null" >
        and SKJL_MANAGE_TIME = #{skjlManageTime,jdbcType=BIGINT}
      </if>
      <if test="skjlAuditState != null" >
        and SKJL_AUDIT_STATE = #{skjlAuditState,jdbcType=INTEGER}
      </if>
      <if test="skjlAuditResult != null" >
        and SKJL_AUDIT_RESULT = #{skjlAuditResult,jdbcType=VARCHAR}
      </if>
      <if test="skjlAuditDescribe != null" >
        and SKJL_AUDIT_DESCRIBE = #{skjlAuditDescribe,jdbcType=VARCHAR}
      </if>
      <if test="skjlAuditPersionId != null" >
        and SKJL_AUDIT_PERSION_ID = #{skjlAuditPersionId,jdbcType=INTEGER}
      </if>
      <if test="skjlAuditTime != null" >
        and SKJL_AUDIT_TIME = #{skjlAuditTime,jdbcType=BIGINT}
      </if>
      <if test="skjlExtend1 != null" >
        and SKJL_EXTEND1 = #{skjlExtend1,jdbcType=VARCHAR}
      </if>
      <if test="skjlExtend2 != null" >
        and SKJL_EXTEND2 = #{skjlExtend2,jdbcType=VARCHAR}
      </if>
      <if test="skjlExtend3 != null" >
        and SKJL_EXTEND3 = #{skjlExtend3,jdbcType=VARCHAR}
      </if>
      <if test="skjlExtend4 != null" >
        and SKJL_EXTEND4 = #{skjlExtend4,jdbcType=VARCHAR}
      </if>
      <if test="skjlExtend5 != null" >
        and SKJL_EXTEND5 = #{skjlExtend5,jdbcType=VARCHAR}
      </if>
	</select>
</mapper>