<?xml version="1.0" encoding="UTF-8" ?>
<!DOCTYPE mapper PUBLIC "-//mybatis.org//DTD Mapper 3.0//EN" "http://mybatis.org/dtd/mybatis-3-mapper.dtd" >
<mapper namespace="com.nbst.dao.mapper.ispcweb.PoorDefinitionMapper" >
  <resultMap id="BaseResultMap" type="com.nbst.model.PoorDefinition" >
    <id column="BLDY_ID" property="bldyId" jdbcType="INTEGER" />
    <result column="BLDY_CODE" property="bldyCode" jdbcType="VARCHAR" />
    <result column="BLDY_NAME" property="bldyName" jdbcType="VARCHAR" />
    <result column="BLDY_DECRIBE" property="bldyDecribe" jdbcType="VARCHAR" />
    <result column="BLDY_EXTEND1" property="bldyExtend1" jdbcType="VARCHAR" />
    <result column="BLDY_EXTEND2" property="bldyExtend2" jdbcType="VARCHAR" />
    <result column="BLDY_EXTEND3" property="bldyExtend3" jdbcType="VARCHAR" />
    <result column="BLDY_EXTEND4" property="bldyExtend4" jdbcType="VARCHAR" />
    <result column="BLDY_EXTEND5" property="bldyExtend5" jdbcType="VARCHAR" />
  </resultMap>
  <sql id="Base_Column_List" >
    BLDY_ID, BLDY_CODE, BLDY_NAME, BLDY_DECRIBE, BLDY_EXTEND1, BLDY_EXTEND2, BLDY_EXTEND3, 
    BLDY_EXTEND4, BLDY_EXTEND5
  </sql>
  <select id="findById" resultMap="BaseResultMap" parameterType="java.lang.Integer" >
    select 
    <include refid="Base_Column_List" />
    from poor_definition
    where BLDY_ID = #{bldyId,jdbcType=INTEGER}
  </select>
  <delete id="delete" parameterType="java.lang.Integer" >
    delete from poor_definition
    where BLDY_ID = #{bldyId,jdbcType=INTEGER}
  </delete>
  <insert id="insert" parameterType="com.nbst.model.PoorDefinition" 
  	useGeneratedKeys="true" keyProperty="bldyId" >
    insert into poor_definition
    <trim prefix="(" suffix=")" suffixOverrides="," >
      <if test="bldyId != null" >
        BLDY_ID,
      </if>
      <if test="bldyCode != null" >
        BLDY_CODE,
      </if>
      <if test="bldyName != null" >
        BLDY_NAME,
      </if>
      <if test="bldyDecribe != null" >
        BLDY_DECRIBE,
      </if>
      <if test="bldyExtend1 != null" >
        BLDY_EXTEND1,
      </if>
      <if test="bldyExtend2 != null" >
        BLDY_EXTEND2,
      </if>
      <if test="bldyExtend3 != null" >
        BLDY_EXTEND3,
      </if>
      <if test="bldyExtend4 != null" >
        BLDY_EXTEND4,
      </if>
      <if test="bldyExtend5 != null" >
        BLDY_EXTEND5,
      </if>
    </trim>
    <trim prefix="values (" suffix=")" suffixOverrides="," >
      <if test="bldyId != null" >
        #{bldyId,jdbcType=INTEGER},
      </if>
      <if test="bldyCode != null" >
        #{bldyCode,jdbcType=VARCHAR},
      </if>
      <if test="bldyName != null" >
        #{bldyName,jdbcType=VARCHAR},
      </if>
      <if test="bldyDecribe != null" >
        #{bldyDecribe,jdbcType=VARCHAR},
      </if>
      <if test="bldyExtend1 != null" >
        #{bldyExtend1,jdbcType=VARCHAR},
      </if>
      <if test="bldyExtend2 != null" >
        #{bldyExtend2,jdbcType=VARCHAR},
      </if>
      <if test="bldyExtend3 != null" >
        #{bldyExtend3,jdbcType=VARCHAR},
      </if>
      <if test="bldyExtend4 != null" >
        #{bldyExtend4,jdbcType=VARCHAR},
      </if>
      <if test="bldyExtend5 != null" >
        #{bldyExtend5,jdbcType=VARCHAR},
      </if>
    </trim>
  </insert>
  <update id="update" parameterType="com.nbst.model.PoorDefinition" >
    update poor_definition
    <set >
      <if test="bldyCode != null" >
        BLDY_CODE = #{bldyCode,jdbcType=VARCHAR},
      </if>
      <if test="bldyName != null" >
        BLDY_NAME = #{bldyName,jdbcType=VARCHAR},
      </if>
      <if test="bldyDecribe != null" >
        BLDY_DECRIBE = #{bldyDecribe,jdbcType=VARCHAR},
      </if>
      <if test="bldyExtend1 != null" >
        BLDY_EXTEND1 = #{bldyExtend1,jdbcType=VARCHAR},
      </if>
      <if test="bldyExtend2 != null" >
        BLDY_EXTEND2 = #{bldyExtend2,jdbcType=VARCHAR},
      </if>
      <if test="bldyExtend3 != null" >
        BLDY_EXTEND3 = #{bldyExtend3,jdbcType=VARCHAR},
      </if>
      <if test="bldyExtend4 != null" >
        BLDY_EXTEND4 = #{bldyExtend4,jdbcType=VARCHAR},
      </if>
      <if test="bldyExtend5 != null" >
        BLDY_EXTEND5 = #{bldyExtend5,jdbcType=VARCHAR},
      </if>
    </set>
    where BLDY_ID = #{bldyId,jdbcType=INTEGER}
  </update>
  <select id="findByCondition" resultMap="BaseResultMap"
		parameterType="map">
		select
		<include refid="Base_Column_List" />
		from poor_definition
		where 1=1
		<if test="bldyCode != null" >
       and BLDY_CODE = #{bldyCode,jdbcType=VARCHAR}
      </if>
      <if test="bldyName != null" >
       and BLDY_NAME = #{bldyName,jdbcType=VARCHAR}
      </if>
      <if test="bldyDecribe != null" >
       and BLDY_DECRIBE = #{bldyDecribe,jdbcType=VARCHAR}
      </if>
      <if test="bldyExtend1 != null" >
       and BLDY_EXTEND1 = #{bldyExtend1,jdbcType=VARCHAR}
      </if>
      <if test="bldyExtend2 != null" >
       and BLDY_EXTEND2 = #{bldyExtend2,jdbcType=VARCHAR}
      </if>
      <if test="bldyExtend3 != null" >
       and BLDY_EXTEND3 = #{bldyExtend3,jdbcType=VARCHAR}
      </if>
      <if test="bldyExtend4 != null" >
       and BLDY_EXTEND4 = #{bldyExtend4,jdbcType=VARCHAR}
      </if>
      <if test="bldyExtend5 != null" >
       and BLDY_EXTEND5 = #{bldyExtend5,jdbcType=VARCHAR}
      </if>
		<if test="limit!=null and offset!=null">
			limit #{offset,jdbcType=INTEGER},#{limit,jdbcType=INTEGER}
		</if>
	</select>
	<select id="count" resultType="java.lang.Integer"
		parameterType="Map">
		select count(*) from poor_definition
		where 1=1
		<if test="bldyCode != null" >
       and BLDY_CODE = #{bldyCode,jdbcType=VARCHAR}
      </if>
      <if test="bldyName != null" >
       and BLDY_NAME = #{bldyName,jdbcType=VARCHAR}
      </if>
      <if test="bldyDecribe != null" >
       and BLDY_DECRIBE = #{bldyDecribe,jdbcType=VARCHAR}
      </if>
      <if test="bldyExtend1 != null" >
       and BLDY_EXTEND1 = #{bldyExtend1,jdbcType=VARCHAR}
      </if>
      <if test="bldyExtend2 != null" >
       and BLDY_EXTEND2 = #{bldyExtend2,jdbcType=VARCHAR}
      </if>
      <if test="bldyExtend3 != null" >
       and BLDY_EXTEND3 = #{bldyExtend3,jdbcType=VARCHAR}
      </if>
      <if test="bldyExtend4 != null" >
       and BLDY_EXTEND4 = #{bldyExtend4,jdbcType=VARCHAR}
      </if>
      <if test="bldyExtend5 != null" >
       and BLDY_EXTEND5 = #{bldyExtend5,jdbcType=VARCHAR}
      </if>
	</select>
</mapper>