<?xml version="1.0" encoding="UTF-8" ?>
<!DOCTYPE mapper PUBLIC "-//mybatis.org//DTD Mapper 3.0//EN" "http://mybatis.org/dtd/mybatis-3-mapper.dtd" >
<mapper namespace="com.nbst.dao.mapper.ispcweb.PoorDefinitionControlChartInfomationRelationshipMapper" >
  <resultMap id="BaseResultMap" type="com.nbst.model.PoorDefinitionControlChartInfomationRelationship" >
    <id column="BLDYKZTXXGL_ID" property="bldykztxxglId" jdbcType="INTEGER" />
    <result column="BLDYKZTXXGL_POOR_DEFINITION_ID" property="bldykztxxglPoorDefinitionId" jdbcType="INTEGER" />
    <result column="BLDYKZTXXGL_SCOPE" property="bldykztxxglScope" jdbcType="VARCHAR" />
    <result column="BLDYKZTXXGL_CONTROL_CHART_TYPE_ID" property="bldykztxxglControlChartTypeId" jdbcType="INTEGER" />
    <result column="BLDYKZTXXGL_DETECTION_ITEM_ID" property="bldykztxxglDetectionItemId" jdbcType="INTEGER" />
    <result column="BLDYKZTXXGL_EXTEND1" property="bldykztxxglExtend1" jdbcType="VARCHAR" />
    <result column="BLDYKZTXXGL_EXTEND2" property="bldykztxxglExtend2" jdbcType="VARCHAR" />
    <result column="BLDYKZTXXGL_EXTEND3" property="bldykztxxglExtend3" jdbcType="VARCHAR" />
    <result column="BLDYKZTXXGL_EXTEND4" property="bldykztxxglExtend4" jdbcType="VARCHAR" />
    <result column="BLDYKZTXXGL_EXTEND5" property="bldykztxxglExtend5" jdbcType="VARCHAR" />
  </resultMap>
  <sql id="Base_Column_List" >
    BLDYKZTXXGL_ID, BLDYKZTXXGL_POOR_DEFINITION_ID, BLDYKZTXXGL_SCOPE, BLDYKZTXXGL_CONTROL_CHART_TYPE_ID, 
    BLDYKZTXXGL_DETECTION_ITEM_ID, BLDYKZTXXGL_EXTEND1, BLDYKZTXXGL_EXTEND2, BLDYKZTXXGL_EXTEND3, 
    BLDYKZTXXGL_EXTEND4, BLDYKZTXXGL_EXTEND5
  </sql>
  <select id="findById" resultMap="BaseResultMap" parameterType="java.lang.Integer" >
    select 
    <include refid="Base_Column_List" />
    from poor_definition_control_chart_infomation_relationship
    where BLDYKZTXXGL_ID = #{bldykztxxglId,jdbcType=INTEGER}
  </select>
  <delete id="delete" parameterType="java.lang.Integer" >
    delete from poor_definition_control_chart_infomation_relationship
    where BLDYKZTXXGL_ID = #{bldykztxxglId,jdbcType=INTEGER}
  </delete>
  <insert id="insert" parameterType="com.nbst.model.PoorDefinitionControlChartInfomationRelationship" 
  		useGeneratedKeys="true" keyProperty="bldykztxxglId" >
    insert into poor_definition_control_chart_infomation_relationship
    <trim prefix="(" suffix=")" suffixOverrides="," >
      <if test="bldykztxxglId != null" >
        BLDYKZTXXGL_ID,
      </if>
      <if test="bldykztxxglPoorDefinitionId != null" >
        BLDYKZTXXGL_POOR_DEFINITION_ID,
      </if>
      <if test="bldykztxxglScope != null" >
        BLDYKZTXXGL_SCOPE,
      </if>
      <if test="bldykztxxglControlChartTypeId != null" >
        BLDYKZTXXGL_CONTROL_CHART_TYPE_ID,
      </if>
      <if test="bldykztxxglDetectionItemId != null" >
        BLDYKZTXXGL_DETECTION_ITEM_ID,
      </if>
      <if test="bldykztxxglExtend1 != null" >
        BLDYKZTXXGL_EXTEND1,
      </if>
      <if test="bldykztxxglExtend2 != null" >
        BLDYKZTXXGL_EXTEND2,
      </if>
      <if test="bldykztxxglExtend3 != null" >
        BLDYKZTXXGL_EXTEND3,
      </if>
      <if test="bldykztxxglExtend4 != null" >
        BLDYKZTXXGL_EXTEND4,
      </if>
      <if test="bldykztxxglExtend5 != null" >
        BLDYKZTXXGL_EXTEND5,
      </if>
    </trim>
    <trim prefix="values (" suffix=")" suffixOverrides="," >
      <if test="bldykztxxglId != null" >
        #{bldykztxxglId,jdbcType=INTEGER},
      </if>
      <if test="bldykztxxglPoorDefinitionId != null" >
        #{bldykztxxglPoorDefinitionId,jdbcType=INTEGER},
      </if>
      <if test="bldykztxxglScope != null" >
        #{bldykztxxglScope,jdbcType=VARCHAR},
      </if>
      <if test="bldykztxxglControlChartTypeId != null" >
        #{bldykztxxglControlChartTypeId,jdbcType=INTEGER},
      </if>
      <if test="bldykztxxglDetectionItemId != null" >
        #{bldykztxxglDetectionItemId,jdbcType=INTEGER},
      </if>
      <if test="bldykztxxglExtend1 != null" >
        #{bldykztxxglExtend1,jdbcType=VARCHAR},
      </if>
      <if test="bldykztxxglExtend2 != null" >
        #{bldykztxxglExtend2,jdbcType=VARCHAR},
      </if>
      <if test="bldykztxxglExtend3 != null" >
        #{bldykztxxglExtend3,jdbcType=VARCHAR},
      </if>
      <if test="bldykztxxglExtend4 != null" >
        #{bldykztxxglExtend4,jdbcType=VARCHAR},
      </if>
      <if test="bldykztxxglExtend5 != null" >
        #{bldykztxxglExtend5,jdbcType=VARCHAR},
      </if>
    </trim>
  </insert>
  <update id="update" parameterType="com.nbst.model.PoorDefinitionControlChartInfomationRelationship" >
    update poor_definition_control_chart_infomation_relationship
    <set >
      <if test="bldykztxxglPoorDefinitionId != null" >
        BLDYKZTXXGL_POOR_DEFINITION_ID = #{bldykztxxglPoorDefinitionId,jdbcType=INTEGER},
      </if>
      <if test="bldykztxxglScope != null" >
        BLDYKZTXXGL_SCOPE = #{bldykztxxglScope,jdbcType=VARCHAR},
      </if>
      <if test="bldykztxxglControlChartTypeId != null" >
        BLDYKZTXXGL_CONTROL_CHART_TYPE_ID = #{bldykztxxglControlChartTypeId,jdbcType=INTEGER},
      </if>
      <if test="bldykztxxglDetectionItemId != null" >
        BLDYKZTXXGL_DETECTION_ITEM_ID = #{bldykztxxglDetectionItemId,jdbcType=INTEGER},
      </if>
      <if test="bldykztxxglExtend1 != null" >
        BLDYKZTXXGL_EXTEND1 = #{bldykztxxglExtend1,jdbcType=VARCHAR},
      </if>
      <if test="bldykztxxglExtend2 != null" >
        BLDYKZTXXGL_EXTEND2 = #{bldykztxxglExtend2,jdbcType=VARCHAR},
      </if>
      <if test="bldykztxxglExtend3 != null" >
        BLDYKZTXXGL_EXTEND3 = #{bldykztxxglExtend3,jdbcType=VARCHAR},
      </if>
      <if test="bldykztxxglExtend4 != null" >
        BLDYKZTXXGL_EXTEND4 = #{bldykztxxglExtend4,jdbcType=VARCHAR},
      </if>
      <if test="bldykztxxglExtend5 != null" >
        BLDYKZTXXGL_EXTEND5 = #{bldykztxxglExtend5,jdbcType=VARCHAR},
      </if>
    </set>
    where BLDYKZTXXGL_ID = #{bldykztxxglId,jdbcType=INTEGER}
  </update>
  <select id="findByCondition" resultMap="BaseResultMap"
		parameterType="map">
		select
		<include refid="Base_Column_List" />
		from poor_definition_control_chart_infomation_relationship
		where 1=1
	<if test="bldykztxxglPoorDefinitionId != null" >
        and BLDYKZTXXGL_POOR_DEFINITION_ID = #{bldykztxxglPoorDefinitionId,jdbcType=INTEGER}
      </if>
      <if test="bldykztxxglScope != null" >
        and BLDYKZTXXGL_SCOPE = #{bldykztxxglScope,jdbcType=VARCHAR}
      </if>
      <if test="bldykztxxglControlChartTypeId != null" >
        and BLDYKZTXXGL_CONTROL_CHART_TYPE_ID = #{bldykztxxglControlChartTypeId,jdbcType=INTEGER}
      </if>
      <if test="bldykztxxglDetectionItemId != null" >
        and BLDYKZTXXGL_DETECTION_ITEM_ID = #{bldykztxxglDetectionItemId,jdbcType=INTEGER}
      </if>
      <if test="bldykztxxglExtend1 != null" >
        and BLDYKZTXXGL_EXTEND1 = #{bldykztxxglExtend1,jdbcType=VARCHAR}
      </if>
      <if test="bldykztxxglExtend2 != null" >
        and BLDYKZTXXGL_EXTEND2 = #{bldykztxxglExtend2,jdbcType=VARCHAR}
      </if>
      <if test="bldykztxxglExtend3 != null" >
        and BLDYKZTXXGL_EXTEND3 = #{bldykztxxglExtend3,jdbcType=VARCHAR}
      </if>
      <if test="bldykztxxglExtend4 != null" >
        and BLDYKZTXXGL_EXTEND4 = #{bldykztxxglExtend4,jdbcType=VARCHAR}
      </if>
      <if test="bldykztxxglExtend5 != null" >
        and BLDYKZTXXGL_EXTEND5 = #{bldykztxxglExtend5,jdbcType=VARCHAR}
      </if>
		<if test="limit!=null and offset!=null">
			limit #{offset,jdbcType=INTEGER},#{limit,jdbcType=INTEGER}
		</if>
	</select>
	<select id="count" resultMap="BaseResultMap" parameterType="map">
		select count(*) from poor_definition_control_chart_infomation_relationship
		where 1=1
		<if test="bldykztxxglPoorDefinitionId != null" >
        and BLDYKZTXXGL_POOR_DEFINITION_ID = #{bldykztxxglPoorDefinitionId,jdbcType=INTEGER}
      </if>
      <if test="bldykztxxglScope != null" >
        and BLDYKZTXXGL_SCOPE = #{bldykztxxglScope,jdbcType=VARCHAR}
      </if>
      <if test="bldykztxxglControlChartTypeId != null" >
        and BLDYKZTXXGL_CONTROL_CHART_TYPE_ID = #{bldykztxxglControlChartTypeId,jdbcType=INTEGER}
      </if>
      <if test="bldykztxxglDetectionItemId != null" >
        and BLDYKZTXXGL_DETECTION_ITEM_ID = #{bldykztxxglDetectionItemId,jdbcType=INTEGER}
      </if>
      <if test="bldykztxxglExtend1 != null" >
        and BLDYKZTXXGL_EXTEND1 = #{bldykztxxglExtend1,jdbcType=VARCHAR}
      </if>
      <if test="bldykztxxglExtend2 != null" >
        and BLDYKZTXXGL_EXTEND2 = #{bldykztxxglExtend2,jdbcType=VARCHAR}
      </if>
      <if test="bldykztxxglExtend3 != null" >
        and BLDYKZTXXGL_EXTEND3 = #{bldykztxxglExtend3,jdbcType=VARCHAR}
      </if>
      <if test="bldykztxxglExtend4 != null" >
        and BLDYKZTXXGL_EXTEND4 = #{bldykztxxglExtend4,jdbcType=VARCHAR}
      </if>
      <if test="bldykztxxglExtend5 != null" >
        and BLDYKZTXXGL_EXTEND5 = #{bldykztxxglExtend5,jdbcType=VARCHAR}
      </if>
	</select>
</mapper>