<?xml version="1.0" encoding="UTF-8" ?>
<!DOCTYPE mapper PUBLIC "-//mybatis.org//DTD Mapper 3.0//EN" "http://mybatis.org/dtd/mybatis-3-mapper.dtd" >
<mapper namespace="com.nbst.dao.mapper.ispcweb.RolesMapper">
	<resultMap id="BaseResultMap" type="com.nbst.model.Roles">
		<id column="JS_ID" property="jsId" jdbcType="INTEGER" />
		<result column="JS_GS_ID" property="jsGsId" jdbcType="INTEGER" />
		<result column="JS_NAME" property="jsName" jdbcType="VARCHAR" />
		<result column="JS_TYPE" property="jsType" jdbcType="INTEGER" />
		<result column="JS_CREATE_TIME" property="jsCreateTime"
			jdbcType="BIGINT" />
		<result column="JS_STATE" property="jsState" jdbcType="INTEGER" />
		<result column="JS_UPDATE_TIME" property="jsUpdateTime"
			jdbcType="BIGINT" />
		<result column="JS_DELETE_TIME" property="jsDeleteTime"
			jdbcType="BIGINT" />
		<result column="JS_EXTEND1" property="jsExtend1"
			jdbcType="VARCHAR" />
		<result column="JS_EXTEND2" property="jsExtend2"
			jdbcType="VARCHAR" />
		<result column="JS_EXTEND3" property="jsExtend3"
			jdbcType="VARCHAR" />
		<result column="JS_EXTEND4" property="jsExtend4"
			jdbcType="VARCHAR" />
		<result column="JS_EXTEND5" property="jsExtend5"
			jdbcType="VARCHAR" />
	</resultMap>
	<sql id="Base_Column_List">
		JS_ID, JS_GS_ID, JS_NAME, JS_TYPE, JS_CREATE_TIME,
		JS_STATE, JS_UPDATE_TIME,
		JS_DELETE_TIME,
		JS_EXTEND1, JS_EXTEND2,
		JS_EXTEND3, JS_EXTEND4, JS_EXTEND5
	</sql>
	<select id="findById" resultMap="BaseResultMap"
		parameterType="java.lang.Integer">
		select
		<include refid="Base_Column_List" />
		from roles
		where JS_ID = #{jsId,jdbcType=INTEGER}
	</select>
	<delete id="delete" parameterType="java.lang.Integer">
		delete from roles
		where JS_ID =
		#{jsId,jdbcType=INTEGER}
	</delete>
	<insert id="insert" parameterType="com.nbst.model.Roles"
		useGeneratedKeys="true" keyProperty="jsId">
		insert into roles
		<trim prefix="(" suffix=")" suffixOverrides=",">
			<if test="jsId != null">
				JS_ID,
			</if>
			<if test="jsGsId != null">
				JS_GS_ID,
			</if>
			<if test="jsName != null">
				JS_NAME,
			</if>
			<if test="jsType != null">
				JS_TYPE,
			</if>
			<if test="jsCreateTime != null">
				JS_CREATE_TIME,
			</if>
			<if test="jsState != null">
				JS_STATE,
			</if>
			<if test="jsUpdateTime != null">
				JS_UPDATE_TIME,
			</if>
			<if test="jsDeleteTime != null">
				JS_DELETE_TIME,
			</if>
			<if test="jsExtend1 != null">
				JS_EXTEND1,
			</if>
			<if test="jsExtend2 != null">
				JS_EXTEND2,
			</if>
			<if test="jsExtend3 != null">
				JS_EXTEND3,
			</if>
			<if test="jsExtend4 != null">
				JS_EXTEND4,
			</if>
			<if test="jsExtend5 != null">
				JS_EXTEND5,
			</if>
		</trim>
		<trim prefix="values (" suffix=")" suffixOverrides=",">
			<if test="jsId != null">
				#{jsId,jdbcType=INTEGER},
			</if>
			<if test="jsGsId != null">
				#{jsGsId,jdbcType=INTEGER},
			</if>
			<if test="jsName != null">
				#{jsName,jdbcType=VARCHAR},
			</if>
			<if test="jsType != null">
				#{jsType,jdbcType=INTEGER},
			</if>
			<if test="jsCreateTime != null">
				#{jsCreateTime,jdbcType=BIGINT},
			</if>
			<if test="jsState != null">
				#{jsState,jdbcType=INTEGER},
			</if>
			<if test="jsUpdateTime != null">
				#{jsUpdateTime,jdbcType=BIGINT},
			</if>
			<if test="jsDeleteTime != null">
				#{jsDeleteTime,jdbcType=BIGINT},
			</if>
			<if test="jsExtend1 != null">
				#{jsExtend1,jdbcType=VARCHAR},
			</if>
			<if test="jsExtend2 != null">
				#{jsExtend2,jdbcType=VARCHAR},
			</if>
			<if test="jsExtend3 != null">
				#{jsExtend3,jdbcType=VARCHAR},
			</if>
			<if test="jsExtend4 != null">
				#{jsExtend4,jdbcType=VARCHAR},
			</if>
			<if test="jsExtend5 != null">
				#{jsExtend5,jdbcType=VARCHAR},
			</if>
		</trim>
	</insert>
	<update id="update" parameterType="com.nbst.model.Roles">
		update roles
		<set>
			<if test="jsGsId != null">
				JS_GS_ID = #{jsGsId,jdbcType=INTEGER},
			</if>
			<if test="jsName != null">
				JS_NAME = #{jsName,jdbcType=VARCHAR},
			</if>
			<if test="jsType != null">
				JS_TYPE = #{jsType,jdbcType=INTEGER},
			</if>
			<if test="jsCreateTime != null">
				JS_CREATE_TIME = #{jsCreateTime,jdbcType=BIGINT},
			</if>
			<if test="jsState != null">
				JS_STATE = #{jsState,jdbcType=INTEGER},
			</if>
			<if test="jsUpdateTime != null">
				JS_UPDATE_TIME = #{jsUpdateTime,jdbcType=BIGINT},
			</if>
			<if test="jsDeleteTime != null">
				JS_DELETE_TIME = #{jsDeleteTime,jdbcType=BIGINT},
			</if>
			<if test="jsExtend1 != null">
				JS_EXTEND1 = #{jsExtend1,jdbcType=VARCHAR},
			</if>
			<if test="jsExtend2 != null">
				JS_EXTEND2 = #{jsExtend2,jdbcType=VARCHAR},
			</if>
			<if test="jsExtend3 != null">
				JS_EXTEND3 = #{jsExtend3,jdbcType=VARCHAR},
			</if>
			<if test="jsExtend4 != null">
				JS_EXTEND4 = #{jsExtend4,jdbcType=VARCHAR},
			</if>
			<if test="jsExtend5 != null">
				JS_EXTEND5 = #{jsExtend5,jdbcType=VARCHAR},
			</if>
		</set>
		where JS_ID = #{jsId,jdbcType=INTEGER}
	</update>
	<select id="findByCondition" resultMap="BaseResultMap"
		parameterType="map">
		select
		<include refid="Base_Column_List" />
		from roles
		where 1=1
		<if test="jsGsId != null">
			and JS_GS_ID = #{jsGsId,jdbcType=INTEGER}
		</if>
		<if test="jsName != null">
			and JS_NAME = #{jsName,jdbcType=VARCHAR}
		</if>
		<if test="jsType != null">
			and JS_TYPE = #{jsType,jdbcType=INTEGER}
		</if>
		<if test="jsCreateTime != null">
			and JS_CREATE_TIME = #{jsCreateTime,jdbcType=BIGINT}
		</if>
		<if test="jsState != null">
			and JS_STATE = #{jsState,jdbcType=INTEGER}
		</if>
		<if test="jsUpdateTime != null">
			and JS_UPDATE_TIME = #{jsUpdateTime,jdbcType=BIGINT}
		</if>
		<if test="jsDeleteTime != null">
			and JS_DELETE_TIME = #{jsDeleteTime,jdbcType=BIGINT}
		</if>
		<if test="jsExtend1 != null">
			and JS_EXTEND1 = #{jsExtend1,jdbcType=VARCHAR}
		</if>
		<if test="jsExtend2 != null">
			and JS_EXTEND2 = #{jsExtend2,jdbcType=VARCHAR}
		</if>
		<if test="jsExtend3 != null">
			and JS_EXTEND3 = #{jsExtend3,jdbcType=VARCHAR}
		</if>
		<if test="jsExtend4 != null">
			and JS_EXTEND4 = #{jsExtend4,jdbcType=VARCHAR}
		</if>
		<if test="jsExtend5 != null">
			and JS_EXTEND5 = #{jsExtend5,jdbcType=VARCHAR}
		</if>
		<if test="limit!=null and offset!=null">
			limit #{offset,jdbcType=INTEGER},#{limit,jdbcType=INTEGER}
		</if>
	</select>
	<select id="count" resultType="java.lang.Integer"
		parameterType="Map">
		select count(*) from roles
		where 1=1
		<if test="jsGsId != null">
			and JS_GS_ID = #{jsGsId,jdbcType=INTEGER}
		</if>
		<if test="jsName != null">
			and JS_NAME = #{jsName,jdbcType=VARCHAR}
		</if>
		<if test="jsType != null">
			and JS_TYPE = #{jsType,jdbcType=INTEGER}
		</if>
		<if test="jsCreateTime != null">
			and JS_CREATE_TIME = #{jsCreateTime,jdbcType=BIGINT}
		</if>
		<if test="jsState != null">
			and JS_STATE = #{jsState,jdbcType=INTEGER}
		</if>
		<if test="jsUpdateTime != null">
			and JS_UPDATE_TIME = #{jsUpdateTime,jdbcType=BIGINT}
		</if>
		<if test="jsDeleteTime != null">
			and JS_DELETE_TIME = #{jsDeleteTime,jdbcType=BIGINT}
		</if>
		<if test="jsExtend1 != null">
			and JS_EXTEND1 = #{jsExtend1,jdbcType=VARCHAR}
		</if>
		<if test="jsExtend2 != null">
			and JS_EXTEND2 = #{jsExtend2,jdbcType=VARCHAR}
		</if>
		<if test="jsExtend3 != null">
			and JS_EXTEND3 = #{jsExtend3,jdbcType=VARCHAR}
		</if>
		<if test="jsExtend4 != null">
			and JS_EXTEND4 = #{jsExtend4,jdbcType=VARCHAR}
		</if>
		<if test="jsExtend5 != null">
			and JS_EXTEND5 = #{jsExtend5,jdbcType=VARCHAR}
		</if>
	</select>
</mapper>