<?xml version="1.0" encoding="UTF-8" ?>
<!DOCTYPE mapper PUBLIC "-//mybatis.org//DTD Mapper 3.0//EN" "http://mybatis.org/dtd/mybatis-3-mapper.dtd" >
<mapper namespace="com.nbst.dao.mapper.ispcweb.RunawayProcessingExperienceMapper">
	<resultMap id="BaseResultMap" type="com.nbst.model.RunawayProcessingExperience">
		<id column="SKCLJY_ID" property="skcljyId" jdbcType="INTEGER" />
		<result column="SKCLJY_REASON" property="skcljyReason"
			jdbcType="VARCHAR" />
		<result column="SKCLJY_STEP" property="skcljyStep" jdbcType="VARCHAR" />
		<result column="SKCLJY_EXTEND1" property="skcljyExtend1"
			jdbcType="VARCHAR" />
		<result column="SKCLJY_EXTEND2" property="skcljyExtend2"
			jdbcType="VARCHAR" />
		<result column="SKCLJY_EXTEND3" property="skcljyExtend3"
			jdbcType="VARCHAR" />
		<result column="SKCLJY_EXTEND4" property="skcljyExtend4"
			jdbcType="VARCHAR" />
		<result column="SKCLJY_EXTEND5" property="skcljyExtend5"
			jdbcType="VARCHAR" />
	</resultMap>
	<sql id="Base_Column_List">
		SKCLJY_ID, SKCLJY_REASON, SKCLJY_STEP, SKCLJY_EXTEND1, SKCLJY_EXTEND2,
		SKCLJY_EXTEND3,
		SKCLJY_EXTEND4, SKCLJY_EXTEND5
	</sql>
	<select id="findById" resultMap="BaseResultMap" parameterType="java.lang.Integer">
		select
		<include refid="Base_Column_List" />
		from runaway_processing_experience
		where SKCLJY_ID = #{skcljyId,jdbcType=INTEGER}
	</select>
	<delete id="delete" parameterType="java.lang.Integer">
		delete from runaway_processing_experience
		where SKCLJY_ID = #{skcljyId,jdbcType=INTEGER}
	</delete>
	<insert id="insert" parameterType="com.nbst.model.RunawayProcessingExperience"
		useGeneratedKeys="true" keyProperty="skcljyId">
		insert into runaway_processing_experience
		<trim prefix="(" suffix=")" suffixOverrides=",">
			<if test="skcljyId != null">
				SKCLJY_ID,
			</if>
			<if test="skcljyReason != null">
				SKCLJY_REASON,
			</if>
			<if test="skcljyStep != null">
				SKCLJY_STEP,
			</if>
			<if test="skcljyExtend1 != null">
				SKCLJY_EXTEND1,
			</if>
			<if test="skcljyExtend2 != null">
				SKCLJY_EXTEND2,
			</if>
			<if test="skcljyExtend3 != null">
				SKCLJY_EXTEND3,
			</if>
			<if test="skcljyExtend4 != null">
				SKCLJY_EXTEND4,
			</if>
			<if test="skcljyExtend5 != null">
				SKCLJY_EXTEND5,
			</if>
		</trim>
		<trim prefix="values (" suffix=")" suffixOverrides=",">
			<if test="skcljyId != null">
				#{skcljyId,jdbcType=INTEGER},
			</if>
			<if test="skcljyReason != null">
				#{skcljyReason,jdbcType=VARCHAR},
			</if>
			<if test="skcljyStep != null">
				#{skcljyStep,jdbcType=VARCHAR},
			</if>
			<if test="skcljyExtend1 != null">
				#{skcljyExtend1,jdbcType=VARCHAR},
			</if>
			<if test="skcljyExtend2 != null">
				#{skcljyExtend2,jdbcType=VARCHAR},
			</if>
			<if test="skcljyExtend3 != null">
				#{skcljyExtend3,jdbcType=VARCHAR},
			</if>
			<if test="skcljyExtend4 != null">
				#{skcljyExtend4,jdbcType=VARCHAR},
			</if>
			<if test="skcljyExtend5 != null">
				#{skcljyExtend5,jdbcType=VARCHAR},
			</if>
		</trim>
	</insert>
	<update id="update" parameterType="com.nbst.model.RunawayProcessingExperience">
		update runaway_processing_experience
		<set>
			<if test="skcljyReason != null">
				SKCLJY_REASON = #{skcljyReason,jdbcType=VARCHAR},
			</if>
			<if test="skcljyStep != null">
				SKCLJY_STEP = #{skcljyStep,jdbcType=VARCHAR},
			</if>
			<if test="skcljyExtend1 != null">
				SKCLJY_EXTEND1 = #{skcljyExtend1,jdbcType=VARCHAR},
			</if>
			<if test="skcljyExtend2 != null">
				SKCLJY_EXTEND2 = #{skcljyExtend2,jdbcType=VARCHAR},
			</if>
			<if test="skcljyExtend3 != null">
				SKCLJY_EXTEND3 = #{skcljyExtend3,jdbcType=VARCHAR},
			</if>
			<if test="skcljyExtend4 != null">
				SKCLJY_EXTEND4 = #{skcljyExtend4,jdbcType=VARCHAR},
			</if>
			<if test="skcljyExtend5 != null">
				SKCLJY_EXTEND5 = #{skcljyExtend5,jdbcType=VARCHAR},
			</if>
		</set>
		where SKCLJY_ID = #{skcljyId,jdbcType=INTEGER}
	</update>
	<select id="findByCondition" resultMap="BaseResultMap"
		parameterType="map">
		select
		<include refid="Base_Column_List" />
		from runaway_processing_experience
		where 1=1
		<if test="skcljyReason != null">
			and SKCLJY_REASON = #{skcljyReason,jdbcType=VARCHAR}
		</if>
		<if test="skcljyStep != null">
			and SKCLJY_STEP = #{skcljyStep,jdbcType=VARCHAR}
		</if>
		<if test="skcljyExtend1 != null">
			and SKCLJY_EXTEND1 = #{skcljyExtend1,jdbcType=VARCHAR}
		</if>
		<if test="skcljyExtend2 != null">
			and SKCLJY_EXTEND2 = #{skcljyExtend2,jdbcType=VARCHAR}
		</if>
		<if test="skcljyExtend3 != null">
			and SKCLJY_EXTEND3 = #{skcljyExtend3,jdbcType=VARCHAR}
		</if>
		<if test="skcljyExtend4 != null">
			and SKCLJY_EXTEND4 = #{skcljyExtend4,jdbcType=VARCHAR}
		</if>
		<if test="skcljyExtend5 != null">
			and SKCLJY_EXTEND5 = #{skcljyExtend5,jdbcType=VARCHAR}
		</if>
		<if test="limit!=null and offset!=null">
			limit #{offset,jdbcType=INTEGER},#{limit,jdbcType=INTEGER}
		</if>
	</select>
	<select id="count" resultType="java.lang.Integer" parameterType="Map">
		select count(*) from runaway_processing_experience
		where 1=1
		<if test="skcljyReason != null">
			and SKCLJY_REASON = #{skcljyReason,jdbcType=VARCHAR}
		</if>
		<if test="skcljyStep != null">
			and SKCLJY_STEP = #{skcljyStep,jdbcType=VARCHAR}
		</if>
		<if test="skcljyExtend1 != null">
			and SKCLJY_EXTEND1 = #{skcljyExtend1,jdbcType=VARCHAR}
		</if>
		<if test="skcljyExtend2 != null">
			and SKCLJY_EXTEND2 = #{skcljyExtend2,jdbcType=VARCHAR}
		</if>
		<if test="skcljyExtend3 != null">
			and SKCLJY_EXTEND3 = #{skcljyExtend3,jdbcType=VARCHAR}
		</if>
		<if test="skcljyExtend4 != null">
			and SKCLJY_EXTEND4 = #{skcljyExtend4,jdbcType=VARCHAR}
		</if>
		<if test="skcljyExtend5 != null">
			and SKCLJY_EXTEND5 = #{skcljyExtend5,jdbcType=VARCHAR}
		</if>
	</select>
</mapper>