<?xml version="1.0" encoding="UTF-8" ?>
<!DOCTYPE mapper PUBLIC "-//mybatis.org//DTD Mapper 3.0//EN" "http://mybatis.org/dtd/mybatis-3-mapper.dtd" >
<mapper
	namespace="com.nbst.dao.mapper.ispcweb.TypeLevelSevenMapper">
	<resultMap id="BaseResultMap"
		type="com.nbst.model.TypeLevelSeven">
		<id column="CCLXSEVEN_ID" property="cclxsevenId" jdbcType="INTEGER" />
		<result column="CCLXSEVEN_NAME" property="cclxsevenName"
			jdbcType="VARCHAR" />
		<result column="CCLXSEVEN_EXTEND1" property="cclxsevenExtend1"
			jdbcType="VARCHAR" />
		<result column="CCLXSEVEN_EXTEND2" property="cclxsevenExtend2"
			jdbcType="VARCHAR" />
		<result column="CCLXSEVEN_EXTEND3" property="cclxsevenExtend3"
			jdbcType="VARCHAR" />
		<result column="CCLXSEVEN_EXTEND4" property="cclxsevenExtend4"
			jdbcType="VARCHAR" />
		<result column="CCLXSEVEN_EXTEND5" property="cclxsevenExtend5"
			jdbcType="VARCHAR" />
	</resultMap>
	<sql id="Base_Column_List">
		CCLXSEVEN_ID, CCLXSEVEN_NAME, CCLXSEVEN_EXTEND1,
		CCLXSEVEN_EXTEND2,
		CCLXSEVEN_EXTEND3,
		CCLXSEVEN_EXTEND4,
		CCLXSEVEN_EXTEND5
	</sql>
	<select id="findById" resultMap="BaseResultMap"
		parameterType="java.lang.Integer">
		select
		<include refid="Base_Column_List" />
		from type_level_seven
		where CCLXSEVEN_ID =
		#{cclxsevenId,jdbcType=INTEGER}
	</select>
	<delete id="delete" parameterType="java.lang.Integer">
		delete from type_level_seven
		where CCLXSEVEN_ID = #{cclxsevenId,jdbcType=INTEGER}
	</delete>

	<insert id="insert"
		parameterType="com.nbst.model.TypeLevelSeven" useGeneratedKeys="true"
		keyProperty="cclxsevenId">
		insert into type_level_seven
		<trim prefix="(" suffix=")" suffixOverrides=",">
			<if test="cclxsevenId != null">
				CCLXSEVEN_ID,
			</if>
			<if test="cclxsevenName != null">
				CCLXSEVEN_NAME,
			</if>
			<if test="cclxsevenExtend1 != null">
				CCLXSEVEN_EXTEND1,
			</if>
			<if test="cclxsevenExtend2 != null">
				CCLXSEVEN_EXTEND2,
			</if>
			<if test="cclxsevenExtend3 != null">
				CCLXSEVEN_EXTEND3,
			</if>
			<if test="cclxsevenExtend4 != null">
				CCLXSEVEN_EXTEND4,
			</if>
			<if test="cclxsevenExtend5 != null">
				CCLXSEVEN_EXTEND5,
			</if>
		</trim>
		<trim prefix="values (" suffix=")" suffixOverrides=",">
			<if test="cclxsevenId != null">
				#{cclxsevenId,jdbcType=INTEGER},
			</if>
			<if test="cclxsevenName != null">
				#{cclxsevenName,jdbcType=VARCHAR},
			</if>
			<if test="cclxsevenExtend1 != null">
				#{cclxsevenExtend1,jdbcType=VARCHAR},
			</if>
			<if test="cclxsevenExtend2 != null">
				#{cclxsevenExtend2,jdbcType=VARCHAR},
			</if>
			<if test="cclxsevenExtend3 != null">
				#{cclxsevenExtend3,jdbcType=VARCHAR},
			</if>
			<if test="cclxsevenExtend4 != null">
				#{cclxsevenExtend4,jdbcType=VARCHAR},
			</if>
			<if test="cclxsevenExtend5 != null">
				#{cclxsevenExtend5,jdbcType=VARCHAR},
			</if>
		</trim>
	</insert>
	<update id="update"
		parameterType="com.nbst.model.TypeLevelSeven">
		update type_level_seven
		<set>
			<if test="cclxsevenName != null">
				CCLXSEVEN_NAME = #{cclxsevenName,jdbcType=VARCHAR},
			</if>
			<if test="cclxsevenExtend1 != null">
				CCLXSEVEN_EXTEND1 = #{cclxsevenExtend1,jdbcType=VARCHAR},
			</if>
			<if test="cclxsevenExtend2 != null">
				CCLXSEVEN_EXTEND2 = #{cclxsevenExtend2,jdbcType=VARCHAR},
			</if>
			<if test="cclxsevenExtend3 != null">
				CCLXSEVEN_EXTEND3 = #{cclxsevenExtend3,jdbcType=VARCHAR},
			</if>
			<if test="cclxsevenExtend4 != null">
				CCLXSEVEN_EXTEND4 = #{cclxsevenExtend4,jdbcType=VARCHAR},
			</if>
			<if test="cclxsevenExtend5 != null">
				CCLXSEVEN_EXTEND5 = #{cclxsevenExtend5,jdbcType=VARCHAR},
			</if>
		</set>
		where CCLXSEVEN_ID = #{cclxsevenId,jdbcType=INTEGER}
	</update>
	<select id="findByCondition" resultMap="BaseResultMap"
		parameterType="map">
		select
		<include refid="Base_Column_List" />
		from type_level_seven
		where 1=1
		<if test="cclxsevenName != null">
			and CCLXSEVEN_NAME = #{cclxsevenName,jdbcType=VARCHAR}
		</if>
		<if test="cclxsevenExtend1 != null">
			and CCLXSEVEN_EXTEND1 =
			#{cclxsevenExtend1,jdbcType=VARCHAR}
		</if>
		<if test="cclxsevenExtend2 != null">
			and CCLXSEVEN_EXTEND2 =
			#{cclxsevenExtend2,jdbcType=VARCHAR}
		</if>
		<if test="cclxsevenExtend3 != null">
			and CCLXSEVEN_EXTEND3 =
			#{cclxsevenExtend3,jdbcType=VARCHAR}
		</if>
		<if test="cclxsevenExtend4 != null">
			and CCLXSEVEN_EXTEND4 =
			#{cclxsevenExtend4,jdbcType=VARCHAR}
		</if>
		<if test="cclxsevenExtend5 != null">
			and CCLXSEVEN_EXTEND5 =
			#{cclxsevenExtend5,jdbcType=VARCHAR}
		</if>
		<if test="limit!=null and offset!=null">
			limit #{offset,jdbcType=INTEGER},#{limit,jdbcType=INTEGER}
		</if>
	</select>
	<select id="count" resultType="java.lang.Integer"
		parameterType="Map">
		select count(*) from type_level_seven
		where 1=1
		<if test="cclxsevenName != null">
			and CCLXSEVEN_NAME = #{cclxsevenName,jdbcType=VARCHAR}
		</if>
		<if test="cclxsevenExtend1 != null">
			and CCLXSEVEN_EXTEND1 =
			#{cclxsevenExtend1,jdbcType=VARCHAR}
		</if>
		<if test="cclxsevenExtend2 != null">
			and CCLXSEVEN_EXTEND2 =
			#{cclxsevenExtend2,jdbcType=VARCHAR}
		</if>
		<if test="cclxsevenExtend3 != null">
			and CCLXSEVEN_EXTEND3 =
			#{cclxsevenExtend3,jdbcType=VARCHAR}
		</if>
		<if test="cclxsevenExtend4 != null">
			and CCLXSEVEN_EXTEND4 =
			#{cclxsevenExtend4,jdbcType=VARCHAR}
		</if>
		<if test="cclxsevenExtend5 != null">
			and CCLXSEVEN_EXTEND5 =
			#{cclxsevenExtend5,jdbcType=VARCHAR}
		</if>
	</select>
</mapper>