<?xml version="1.0" encoding="UTF-8" ?>
<!DOCTYPE mapper PUBLIC "-//mybatis.org//DTD Mapper 3.0//EN" "http://mybatis.org/dtd/mybatis-3-mapper.dtd" >
<mapper
	namespace="com.nbst.dao.mapper.ispcweb.TypeLevelEightMapper">
	<resultMap id="BaseResultMap"
		type="com.nbst.model.TypeLevelEight">
		<id column="CCLXEIGHT_ID" property="cclxeightId" jdbcType="INTEGER" />
		<result column="CCLXEIGHT_NAME" property="cclxeightName"
			jdbcType="VARCHAR" />
		<result column="CCLXEIGHT_EXTEND1" property="cclxeightExtend1"
			jdbcType="VARCHAR" />
		<result column="CCLXEIGHT_EXTEND2" property="cclxeightExtend2"
			jdbcType="VARCHAR" />
		<result column="CCLXEIGHT_EXTEND3" property="cclxeightExtend3"
			jdbcType="VARCHAR" />
		<result column="CCLXEIGHT_EXTEND4" property="cclxeightExtend4"
			jdbcType="VARCHAR" />
		<result column="CCLXEIGHT_EXTEND5" property="cclxeightExtend5"
			jdbcType="VARCHAR" />
	</resultMap>
	<sql id="Base_Column_List">
		CCLXEIGHT_ID, CCLXEIGHT_NAME, CCLXEIGHT_EXTEND1,
		CCLXEIGHT_EXTEND2,
		CCLXEIGHT_EXTEND3,
		CCLXEIGHT_EXTEND4,
		CCLXEIGHT_EXTEND5
	</sql>
	<select id="findById" resultMap="BaseResultMap"
		parameterType="java.lang.Integer">
		select
		<include refid="Base_Column_List" />
		from type_level_eight
		where CCLXEIGHT_ID =
		#{cclxeightId,jdbcType=INTEGER}
	</select>
	<delete id="delete" parameterType="java.lang.Integer">
		delete from type_level_eight
		where CCLXEIGHT_ID = #{cclxeightId,jdbcType=INTEGER}
	</delete>

	<insert id="insert"
		parameterType="com.nbst.model.TypeLevelEight" useGeneratedKeys="true"
		keyProperty="cclxeightId">
		insert into type_level_eight
		<trim prefix="(" suffix=")" suffixOverrides=",">
			<if test="cclxeightId != null">
				CCLXEIGHT_ID,
			</if>
			<if test="cclxeightName != null">
				CCLXEIGHT_NAME,
			</if>
			<if test="cclxeightExtend1 != null">
				CCLXEIGHT_EXTEND1,
			</if>
			<if test="cclxeightExtend2 != null">
				CCLXEIGHT_EXTEND2,
			</if>
			<if test="cclxeightExtend3 != null">
				CCLXEIGHT_EXTEND3,
			</if>
			<if test="cclxeightExtend4 != null">
				CCLXEIGHT_EXTEND4,
			</if>
			<if test="cclxeightExtend5 != null">
				CCLXEIGHT_EXTEND5,
			</if>
		</trim>
		<trim prefix="values (" suffix=")" suffixOverrides=",">
			<if test="cclxeightId != null">
				#{cclxeightId,jdbcType=INTEGER},
			</if>
			<if test="cclxeightName != null">
				#{cclxeightName,jdbcType=VARCHAR},
			</if>
			<if test="cclxeightExtend1 != null">
				#{cclxeightExtend1,jdbcType=VARCHAR},
			</if>
			<if test="cclxeightExtend2 != null">
				#{cclxeightExtend2,jdbcType=VARCHAR},
			</if>
			<if test="cclxeightExtend3 != null">
				#{cclxeightExtend3,jdbcType=VARCHAR},
			</if>
			<if test="cclxeightExtend4 != null">
				#{cclxeightExtend4,jdbcType=VARCHAR},
			</if>
			<if test="cclxeightExtend5 != null">
				#{cclxeightExtend5,jdbcType=VARCHAR},
			</if>
		</trim>
	</insert>
	<update id="update"
		parameterType="com.nbst.model.TypeLevelEight">
		update type_level_eight
		<set>
			<if test="cclxeightName != null">
				CCLXEIGHT_NAME = #{cclxeightName,jdbcType=VARCHAR},
			</if>
			<if test="cclxeightExtend1 != null">
				CCLXEIGHT_EXTEND1 = #{cclxeightExtend1,jdbcType=VARCHAR},
			</if>
			<if test="cclxeightExtend2 != null">
				CCLXEIGHT_EXTEND2 = #{cclxeightExtend2,jdbcType=VARCHAR},
			</if>
			<if test="cclxeightExtend3 != null">
				CCLXEIGHT_EXTEND3 = #{cclxeightExtend3,jdbcType=VARCHAR},
			</if>
			<if test="cclxeightExtend4 != null">
				CCLXEIGHT_EXTEND4 = #{cclxeightExtend4,jdbcType=VARCHAR},
			</if>
			<if test="cclxeightExtend5 != null">
				CCLXEIGHT_EXTEND5 = #{cclxeightExtend5,jdbcType=VARCHAR},
			</if>
		</set>
		where CCLXEIGHT_ID = #{cclxeightId,jdbcType=INTEGER}
	</update>
	<select id="findByCondition" resultMap="BaseResultMap"
		parameterType="map">
		select
		<include refid="Base_Column_List" />
		from type_level_eight
		where 1=1
		<if test="cclxeightName != null">
			and CCLXEIGHT_NAME = #{cclxeightName,jdbcType=VARCHAR}
		</if>
		<if test="cclxeightExtend1 != null">
			and CCLXEIGHT_EXTEND1 =
			#{cclxeightExtend1,jdbcType=VARCHAR}
		</if>
		<if test="cclxeightExtend2 != null">
			and CCLXEIGHT_EXTEND2 =
			#{cclxeightExtend2,jdbcType=VARCHAR}
		</if>
		<if test="cclxeightExtend3 != null">
			and CCLXEIGHT_EXTEND3 =
			#{cclxeightExtend3,jdbcType=VARCHAR}
		</if>
		<if test="cclxeightExtend4 != null">
			and CCLXEIGHT_EXTEND4 =
			#{cclxeightExtend4,jdbcType=VARCHAR}
		</if>
		<if test="cclxeightExtend5 != null">
			and CCLXEIGHT_EXTEND5 =
			#{cclxeightExtend5,jdbcType=VARCHAR}
		</if>
		<if test="limit!=null and offset!=null">
			limit #{offset,jdbcType=INTEGER},#{limit,jdbcType=INTEGER}
		</if>
	</select>
	<select id="count" resultType="java.lang.Integer"
		parameterType="Map">
		select count(*) from type_level_eight
		where 1=1
		<if test="cclxeightName != null">
			and CCLXEIGHT_NAME = #{cclxeightName,jdbcType=VARCHAR}
		</if>
		<if test="cclxeightExtend1 != null">
			and CCLXEIGHT_EXTEND1 =
			#{cclxeightExtend1,jdbcType=VARCHAR}
		</if>
		<if test="cclxeightExtend2 != null">
			and CCLXEIGHT_EXTEND2 =
			#{cclxeightExtend2,jdbcType=VARCHAR}
		</if>
		<if test="cclxeightExtend3 != null">
			and CCLXEIGHT_EXTEND3 =
			#{cclxeightExtend3,jdbcType=VARCHAR}
		</if>
		<if test="cclxeightExtend4 != null">
			and CCLXEIGHT_EXTEND4 =
			#{cclxeightExtend4,jdbcType=VARCHAR}
		</if>
		<if test="cclxeightExtend5 != null">
			and CCLXEIGHT_EXTEND5 =
			#{cclxeightExtend5,jdbcType=VARCHAR}
		</if>
	</select>
</mapper>