<?xml version="1.0" encoding="UTF-8" ?>
<!DOCTYPE mapper PUBLIC "-//mybatis.org//DTD Mapper 3.0//EN" "http://mybatis.org/dtd/mybatis-3-mapper.dtd" >
<mapper
	namespace="com.nbst.dao.mapper.ispcweb.TypeLevelSixMapper">
	<resultMap id="BaseResultMap"
		type="com.nbst.model.TypeLevelSix">
		<id column="CCLXSIX_ID" property="cclxsixId" jdbcType="INTEGER" />
		<result column="CCLXSIX_NAME" property="cclxsixName"
			jdbcType="VARCHAR" />
		<result column="CCLXSIX_EXTEND1" property="cclxsixExtend1"
			jdbcType="VARCHAR" />
		<result column="CCLXSIX_EXTEND2" property="cclxsixExtend2"
			jdbcType="VARCHAR" />
		<result column="CCLXSIX_EXTEND3" property="cclxsixExtend3"
			jdbcType="VARCHAR" />
		<result column="CCLXSIX_EXTEND4" property="cclxsixExtend4"
			jdbcType="VARCHAR" />
		<result column="CCLXSIX_EXTEND5" property="cclxsixExtend5"
			jdbcType="VARCHAR" />
	</resultMap>
	<sql id="Base_Column_List">
		CCLXSIX_ID, CCLXSIX_NAME, CCLXSIX_EXTEND1, CCLXSIX_EXTEND2,
		CCLXSIX_EXTEND3,
		CCLXSIX_EXTEND4,
		CCLXSIX_EXTEND5
	</sql>
	<select id="findById" resultMap="BaseResultMap"
		parameterType="java.lang.Integer">
		select
		<include refid="Base_Column_List" />
		from type_level_six
		where CCLXSIX_ID = #{cclxsixId,jdbcType=INTEGER}
	</select>
	<delete id="delete" parameterType="java.lang.Integer">
		delete from type_level_six
		where CCLXSIX_ID = #{cclxsixId,jdbcType=INTEGER}
	</delete>

	<insert id="insert" parameterType="com.nbst.model.TypeLevelSix"
		useGeneratedKeys="true" keyProperty="cclxsixId">
		insert into type_level_six
		<trim prefix="(" suffix=")" suffixOverrides=",">
			<if test="cclxsixId != null">
				CCLXSIX_ID,
			</if>
			<if test="cclxsixName != null">
				CCLXSIX_NAME,
			</if>
			<if test="cclxsixExtend1 != null">
				CCLXSIX_EXTEND1,
			</if>
			<if test="cclxsixExtend2 != null">
				CCLXSIX_EXTEND2,
			</if>
			<if test="cclxsixExtend3 != null">
				CCLXSIX_EXTEND3,
			</if>
			<if test="cclxsixExtend4 != null">
				CCLXSIX_EXTEND4,
			</if>
			<if test="cclxsixExtend5 != null">
				CCLXSIX_EXTEND5,
			</if>
		</trim>
		<trim prefix="values (" suffix=")" suffixOverrides=",">
			<if test="cclxsixId != null">
				#{cclxsixId,jdbcType=INTEGER},
			</if>
			<if test="cclxsixName != null">
				#{cclxsixName,jdbcType=VARCHAR},
			</if>
			<if test="cclxsixExtend1 != null">
				#{cclxsixExtend1,jdbcType=VARCHAR},
			</if>
			<if test="cclxsixExtend2 != null">
				#{cclxsixExtend2,jdbcType=VARCHAR},
			</if>
			<if test="cclxsixExtend3 != null">
				#{cclxsixExtend3,jdbcType=VARCHAR},
			</if>
			<if test="cclxsixExtend4 != null">
				#{cclxsixExtend4,jdbcType=VARCHAR},
			</if>
			<if test="cclxsixExtend5 != null">
				#{cclxsixExtend5,jdbcType=VARCHAR},
			</if>
		</trim>
	</insert>
	<update id="update" parameterType="com.nbst.model.TypeLevelSix">
		update type_level_six
		<set>
			<if test="cclxsixName != null">
				CCLXSIX_NAME = #{cclxsixName,jdbcType=VARCHAR},
			</if>
			<if test="cclxsixExtend1 != null">
				CCLXSIX_EXTEND1 = #{cclxsixExtend1,jdbcType=VARCHAR},
			</if>
			<if test="cclxsixExtend2 != null">
				CCLXSIX_EXTEND2 = #{cclxsixExtend2,jdbcType=VARCHAR},
			</if>
			<if test="cclxsixExtend3 != null">
				CCLXSIX_EXTEND3 = #{cclxsixExtend3,jdbcType=VARCHAR},
			</if>
			<if test="cclxsixExtend4 != null">
				CCLXSIX_EXTEND4 = #{cclxsixExtend4,jdbcType=VARCHAR},
			</if>
			<if test="cclxsixExtend5 != null">
				CCLXSIX_EXTEND5 = #{cclxsixExtend5,jdbcType=VARCHAR},
			</if>
		</set>
		where CCLXSIX_ID = #{cclxsixId,jdbcType=INTEGER}
	</update>
	<select id="findByCondition" resultMap="BaseResultMap"
		parameterType="map">
		select
		<include refid="Base_Column_List" />
		from type_level_six
		where 1=1
		<if test="cclxsixName != null">
			and CCLXSIX_NAME = #{cclxsixName,jdbcType=VARCHAR}
		</if>
		<if test="cclxsixExtend1 != null">
			and CCLXSIX_EXTEND1 = #{cclxsixExtend1,jdbcType=VARCHAR}
		</if>
		<if test="cclxsixExtend2 != null">
			and CCLXSIX_EXTEND2 = #{cclxsixExtend2,jdbcType=VARCHAR}
		</if>
		<if test="cclxsixExtend3 != null">
			and CCLXSIX_EXTEND3 = #{cclxsixExtend3,jdbcType=VARCHAR}
		</if>
		<if test="cclxsixExtend4 != null">
			and CCLXSIX_EXTEND4 = #{cclxsixExtend4,jdbcType=VARCHAR}
		</if>
		<if test="cclxsixExtend5 != null">
			and CCLXSIX_EXTEND5 = #{cclxsixExtend5,jdbcType=VARCHAR}
		</if>
		<if test="limit!=null and offset!=null">
			limit #{offset,jdbcType=INTEGER},#{limit,jdbcType=INTEGER}
		</if>
	</select>
	<select id="count" resultType="java.lang.Integer"
		parameterType="Map">
		select count(*) from type_level_six
		where 1=1
		<if test="cclxsixName != null">
			and CCLXSIX_NAME = #{cclxsixName,jdbcType=VARCHAR}
		</if>
		<if test="cclxsixExtend1 != null">
			and CCLXSIX_EXTEND1 = #{cclxsixExtend1,jdbcType=VARCHAR}
		</if>
		<if test="cclxsixExtend2 != null">
			and CCLXSIX_EXTEND2 = #{cclxsixExtend2,jdbcType=VARCHAR}
		</if>
		<if test="cclxsixExtend3 != null">
			and CCLXSIX_EXTEND3 = #{cclxsixExtend3,jdbcType=VARCHAR}
		</if>
		<if test="cclxsixExtend4 != null">
			and CCLXSIX_EXTEND4 = #{cclxsixExtend4,jdbcType=VARCHAR}
		</if>
		<if test="cclxsixExtend5 != null">
			and CCLXSIX_EXTEND5 = #{cclxsixExtend5,jdbcType=VARCHAR}
		</if>
	</select>
</mapper>