<?xml version="1.0" encoding="UTF-8" ?>
<!DOCTYPE mapper PUBLIC "-//mybatis.org//DTD Mapper 3.0//EN" "http://mybatis.org/dtd/mybatis-3-mapper.dtd" >
<mapper
	namespace="com.nbst.dao.mapper.ispcweb.TypeLevelNameMapper">
	<resultMap id="BaseResultMap"
		type="com.nbst.model.TypeLevelName">
		<id column="CCMC_ID" property="ccmcId" jdbcType="INTEGER" />
		<result column="CCMC_NAME" property="ccmcName"
			jdbcType="VARCHAR" />
		<result column="CCMC_EXTEND1" property="ccmcExtend1"
			jdbcType="VARCHAR" />
		<result column="CCMC_EXTEND2" property="ccmcExtend2"
			jdbcType="VARCHAR" />
		<result column="CCMC_EXTEND3" property="ccmcExtend3"
			jdbcType="VARCHAR" />
		<result column="CCMC_EXTEND4" property="ccmcExtend4"
			jdbcType="VARCHAR" />
		<result column="CCMC_EXTEND5" property="ccmcExtend5"
			jdbcType="VARCHAR" />
	</resultMap>
	<sql id="Base_Column_List">
		CCMC_ID, CCMC_NAME, CCMC_EXTEND1, CCMC_EXTEND2,
		CCMC_EXTEND3, CCMC_EXTEND4,
		CCMC_EXTEND5
	</sql>
	<select id="findById" resultMap="BaseResultMap"
		parameterType="java.lang.Integer">
		select
		<include refid="Base_Column_List" />
		from type_level_name
		where CCMC_ID = #{ccmcId,jdbcType=INTEGER}
	</select>
	<delete id="delete" parameterType="java.lang.Integer">
		delete from type_level_name
		where CCMC_ID = #{ccmcId,jdbcType=INTEGER}
	</delete>
	<insert id="insert" parameterType="com.nbst.model.TypeLevelName"
		useGeneratedKeys="true" keyProperty="ccmcId">
		insert into type_level_name
		<trim prefix="(" suffix=")" suffixOverrides=",">
			<if test="ccmcId != null">
				CCMC_ID,
			</if>
			<if test="ccmcName != null">
				CCMC_NAME,
			</if>
			<if test="ccmcExtend1 != null">
				CCMC_EXTEND1,
			</if>
			<if test="ccmcExtend2 != null">
				CCMC_EXTEND2,
			</if>
			<if test="ccmcExtend3 != null">
				CCMC_EXTEND3,
			</if>
			<if test="ccmcExtend4 != null">
				CCMC_EXTEND4,
			</if>
			<if test="ccmcExtend5 != null">
				CCMC_EXTEND5,
			</if>
		</trim>
		<trim prefix="values (" suffix=")" suffixOverrides=",">
			<if test="ccmcId != null">
				#{ccmcId,jdbcType=INTEGER},
			</if>
			<if test="ccmcName != null">
				#{ccmcName,jdbcType=VARCHAR},
			</if>
			<if test="ccmcExtend1 != null">
				#{ccmcExtend1,jdbcType=VARCHAR},
			</if>
			<if test="ccmcExtend2 != null">
				#{ccmcExtend2,jdbcType=VARCHAR},
			</if>
			<if test="ccmcExtend3 != null">
				#{ccmcExtend3,jdbcType=VARCHAR},
			</if>
			<if test="ccmcExtend4 != null">
				#{ccmcExtend4,jdbcType=VARCHAR},
			</if>
			<if test="ccmcExtend5 != null">
				#{ccmcExtend5,jdbcType=VARCHAR},
			</if>
		</trim>
	</insert>
	<update id="update" parameterType="com.nbst.model.TypeLevelName">
		update type_level_name
		<set>
			<if test="ccmcName != null">
				CCMC_NAME = #{ccmcName,jdbcType=VARCHAR},
			</if>
			<if test="ccmcExtend1 != null">
				CCMC_EXTEND1 = #{ccmcExtend1,jdbcType=VARCHAR},
			</if>
			<if test="ccmcExtend2 != null">
				CCMC_EXTEND2 = #{ccmcExtend2,jdbcType=VARCHAR},
			</if>
			<if test="ccmcExtend3 != null">
				CCMC_EXTEND3 = #{ccmcExtend3,jdbcType=VARCHAR},
			</if>
			<if test="ccmcExtend4 != null">
				CCMC_EXTEND4 = #{ccmcExtend4,jdbcType=VARCHAR},
			</if>
			<if test="ccmcExtend5 != null">
				CCMC_EXTEND5 = #{ccmcExtend5,jdbcType=VARCHAR},
			</if>
		</set>
		where CCMC_ID = #{ccmcId,jdbcType=INTEGER}
	</update>
	<select id="findByCondition" resultMap="BaseResultMap"
		parameterType="map">
		select
		<include refid="Base_Column_List" />
		from type_level_name
		where 1=1
		<if test="ccmcName != null">
			and CCMC_NAME = #{ccmcName,jdbcType=VARCHAR}
		</if>
		<if test="ccmcExtend1 != null">
			and CCMC_EXTEND1 = #{ccmcExtend1,jdbcType=VARCHAR}
		</if>
		<if test="ccmcExtend2 != null">
			and CCMC_EXTEND2 = #{ccmcExtend2,jdbcType=VARCHAR}
		</if>
		<if test="ccmcExtend3 != null">
			and CCMC_EXTEND3 = #{ccmcExtend3,jdbcType=VARCHAR}
		</if>
		<if test="ccmcExtend4 != null">
			and CCMC_EXTEND4 = #{ccmcExtend4,jdbcType=VARCHAR}
		</if>
		<if test="ccmcExtend5 != null">
			and CCMC_EXTEND5 = #{ccmcExtend5,jdbcType=VARCHAR}
		</if>
		<if test="limit!=null and offset!=null">
			limit #{offset,jdbcType=INTEGER},#{limit,jdbcType=INTEGER}
		</if>
	</select>
	<select id="count" resultType="java.lang.Integer"
		parameterType="Map">
		select count(*) from type_level_name
		where 1=1
		<if test="ccmcName != null">
			and CCMC_NAME = #{ccmcName,jdbcType=VARCHAR}
		</if>
		<if test="ccmcExtend1 != null">
			and CCMC_EXTEND1 = #{ccmcExtend1,jdbcType=VARCHAR}
		</if>
		<if test="ccmcExtend2 != null">
			and CCMC_EXTEND2 = #{ccmcExtend2,jdbcType=VARCHAR}
		</if>
		<if test="ccmcExtend3 != null">
			and CCMC_EXTEND3 = #{ccmcExtend3,jdbcType=VARCHAR}
		</if>
		<if test="ccmcExtend4 != null">
			and CCMC_EXTEND4 = #{ccmcExtend4,jdbcType=VARCHAR}
		</if>
		<if test="ccmcExtend5 != null">
			and CCMC_EXTEND5 = #{ccmcExtend5,jdbcType=VARCHAR}
		</if>
	</select>
</mapper>