<?xml version="1.0" encoding="UTF-8" ?>
<!DOCTYPE mapper PUBLIC "-//mybatis.org//DTD Mapper 3.0//EN" "http://mybatis.org/dtd/mybatis-3-mapper.dtd" >
<mapper
	namespace="com.nbst.dao.mapper.ispcweb.TypeLevelThreeMapper">
	<resultMap id="BaseResultMap"
		type="com.nbst.model.TypeLevelThree">
		<id column="CCLXTHREE_ID" property="cclxthreeId" jdbcType="INTEGER" />
		<result column="CCLXTHREE_NAME" property="cclxthreeName"
			jdbcType="VARCHAR" />
		<result column="CCLXTHREE_EXTEND1" property="cclxthreeExtend1"
			jdbcType="VARCHAR" />
		<result column="CCLXTHREE_EXTEND2" property="cclxthreeExtend2"
			jdbcType="VARCHAR" />
		<result column="CCLXTHREE_EXTEND3" property="cclxthreeExtend3"
			jdbcType="VARCHAR" />
		<result column="CCLXTHREE_EXTEND4" property="cclxthreeExtend4"
			jdbcType="VARCHAR" />
		<result column="CCLXTHREE_EXTEND5" property="cclxthreeExtend5"
			jdbcType="VARCHAR" />
	</resultMap>
	<sql id="Base_Column_List">
		CCLXTHREE_ID, CCLXTHREE_NAME, CCLXTHREE_EXTEND1,
		CCLXTHREE_EXTEND2,
		CCLXTHREE_EXTEND3,
		CCLXTHREE_EXTEND4,
		CCLXTHREE_EXTEND5
	</sql>
	<select id="findById" resultMap="BaseResultMap"
		parameterType="java.lang.Integer">
		select
		<include refid="Base_Column_List" />
		from type_level_three
		where CCLXTHREE_ID =
		#{cclxthreeId,jdbcType=INTEGER}
	</select>
	<delete id="delete" parameterType="java.lang.Integer">
		delete from type_level_three
		where CCLXTHREE_ID = #{cclxthreeId,jdbcType=INTEGER}
	</delete>
	<insert id="insert"
		parameterType="com.nbst.model.TypeLevelThree" useGeneratedKeys="true"
		keyProperty="cclxthreeId">
		insert into type_level_three
		<trim prefix="(" suffix=")" suffixOverrides=",">
			<if test="cclxthreeId != null">
				CCLXTHREE_ID,
			</if>
			<if test="cclxthreeName != null">
				CCLXTHREE_NAME,
			</if>
			<if test="cclxthreeExtend1 != null">
				CCLXTHREE_EXTEND1,
			</if>
			<if test="cclxthreeExtend2 != null">
				CCLXTHREE_EXTEND2,
			</if>
			<if test="cclxthreeExtend3 != null">
				CCLXTHREE_EXTEND3,
			</if>
			<if test="cclxthreeExtend4 != null">
				CCLXTHREE_EXTEND4,
			</if>
			<if test="cclxthreeExtend5 != null">
				CCLXTHREE_EXTEND5,
			</if>
		</trim>
		<trim prefix="values (" suffix=")" suffixOverrides=",">
			<if test="cclxthreeId != null">
				#{cclxthreeId,jdbcType=INTEGER},
			</if>
			<if test="cclxthreeName != null">
				#{cclxthreeName,jdbcType=VARCHAR},
			</if>
			<if test="cclxthreeExtend1 != null">
				#{cclxthreeExtend1,jdbcType=VARCHAR},
			</if>
			<if test="cclxthreeExtend2 != null">
				#{cclxthreeExtend2,jdbcType=VARCHAR},
			</if>
			<if test="cclxthreeExtend3 != null">
				#{cclxthreeExtend3,jdbcType=VARCHAR},
			</if>
			<if test="cclxthreeExtend4 != null">
				#{cclxthreeExtend4,jdbcType=VARCHAR},
			</if>
			<if test="cclxthreeExtend5 != null">
				#{cclxthreeExtend5,jdbcType=VARCHAR},
			</if>
		</trim>
	</insert>
	<update id="update"
		parameterType="com.nbst.model.TypeLevelThree">
		update type_level_three
		<set>
			<if test="cclxthreeName != null">
				CCLXTHREE_NAME = #{cclxthreeName,jdbcType=VARCHAR},
			</if>
			<if test="cclxthreeExtend1 != null">
				CCLXTHREE_EXTEND1 = #{cclxthreeExtend1,jdbcType=VARCHAR},
			</if>
			<if test="cclxthreeExtend2 != null">
				CCLXTHREE_EXTEND2 = #{cclxthreeExtend2,jdbcType=VARCHAR},
			</if>
			<if test="cclxthreeExtend3 != null">
				CCLXTHREE_EXTEND3 = #{cclxthreeExtend3,jdbcType=VARCHAR},
			</if>
			<if test="cclxthreeExtend4 != null">
				CCLXTHREE_EXTEND4 = #{cclxthreeExtend4,jdbcType=VARCHAR},
			</if>
			<if test="cclxthreeExtend5 != null">
				CCLXTHREE_EXTEND5 = #{cclxthreeExtend5,jdbcType=VARCHAR},
			</if>
		</set>
		where CCLXTHREE_ID = #{cclxthreeId,jdbcType=INTEGER}
	</update>
	<select id="findByCondition" resultMap="BaseResultMap"
		parameterType="map">
		select
		<include refid="Base_Column_List" />
		from type_level_three
		where 1=1
		<if test="cclxthreeName != null">
			and CCLXTHREE_NAME = #{cclxthreeName,jdbcType=VARCHAR}
		</if>
		<if test="cclxthreeExtend1 != null">
			and CCLXTHREE_EXTEND1 =
			#{cclxthreeExtend1,jdbcType=VARCHAR}
		</if>
		<if test="cclxthreeExtend2 != null">
			and CCLXTHREE_EXTEND2 =
			#{cclxthreeExtend2,jdbcType=VARCHAR}
		</if>
		<if test="cclxthreeExtend3 != null">
			and CCLXTHREE_EXTEND3 =
			#{cclxthreeExtend3,jdbcType=VARCHAR}
		</if>
		<if test="cclxthreeExtend4 != null">
			and CCLXTHREE_EXTEND4 =
			#{cclxthreeExtend4,jdbcType=VARCHAR}
		</if>
		<if test="cclxthreeExtend5 != null">
			and CCLXTHREE_EXTEND5 =
			#{cclxthreeExtend5,jdbcType=VARCHAR}
		</if>
		<if test="limit!=null and offset!=null">
			limit #{offset,jdbcType=INTEGER},#{limit,jdbcType=INTEGER}
		</if>
	</select>
	<select id="count" resultType="java.lang.Integer"
		parameterType="Map">
		select count(*) from type_level_three
		where 1=1
		<if test="cclxthreeName != null">
			and CCLXTHREE_NAME = #{cclxthreeName,jdbcType=VARCHAR}
		</if>
		<if test="cclxthreeExtend1 != null">
			and CCLXTHREE_EXTEND1 =
			#{cclxthreeExtend1,jdbcType=VARCHAR}
		</if>
		<if test="cclxthreeExtend2 != null">
			and CCLXTHREE_EXTEND2 =
			#{cclxthreeExtend2,jdbcType=VARCHAR}
		</if>
		<if test="cclxthreeExtend3 != null">
			and CCLXTHREE_EXTEND3 =
			#{cclxthreeExtend3,jdbcType=VARCHAR}
		</if>
		<if test="cclxthreeExtend4 != null">
			and CCLXTHREE_EXTEND4 =
			#{cclxthreeExtend4,jdbcType=VARCHAR}
		</if>
		<if test="cclxthreeExtend5 != null">
			and CCLXTHREE_EXTEND5 =
			#{cclxthreeExtend5,jdbcType=VARCHAR}
		</if>
	</select>
</mapper>