<?xml version="1.0" encoding="UTF-8" ?>
<!DOCTYPE mapper PUBLIC "-//mybatis.org//DTD Mapper 3.0//EN" "http://mybatis.org/dtd/mybatis-3-mapper.dtd" >
<mapper
	namespace="com.nbst.dao.mapper.ispcweb.TypeLevelFourMapper">
	<resultMap id="BaseResultMap"
		type="com.nbst.model.TypeLevelFour">
		<id column="CCLXFOUR_ID" property="cclxfourId" jdbcType="INTEGER" />
		<result column="CCLXFOUR_NAME" property="cclxfourName"
			jdbcType="VARCHAR" />
		<result column="CCLXFOUR_EXTEND1" property="cclxfourExtend1"
			jdbcType="VARCHAR" />
		<result column="CCLXFOUR_EXTEND2" property="cclxfourExtend2"
			jdbcType="VARCHAR" />
		<result column="CCLXFOUR_EXTEND3" property="cclxfourExtend3"
			jdbcType="VARCHAR" />
		<result column="CCLXFOUR_EXTEND4" property="cclxfourExtend4"
			jdbcType="VARCHAR" />
		<result column="CCLXFOUR_EXTEND5" property="cclxfourExtend5"
			jdbcType="VARCHAR" />
	</resultMap>
	<sql id="Base_Column_List">
		CCLXFOUR_ID, CCLXFOUR_NAME, CCLXFOUR_EXTEND1,
		CCLXFOUR_EXTEND2, CCLXFOUR_EXTEND3,
		CCLXFOUR_EXTEND4, CCLXFOUR_EXTEND5
	</sql>
	<select id="findById" resultMap="BaseResultMap"
		parameterType="java.lang.Integer">
		select
		<include refid="Base_Column_List" />
		from type_level_four
		where CCLXFOUR_ID = #{cclxfourId,jdbcType=INTEGER}
	</select>
	<delete id="delete" parameterType="java.lang.Integer">
		delete from type_level_four
		where CCLXFOUR_ID = #{cclxfourId,jdbcType=INTEGER}
	</delete>

	<insert id="insert" parameterType="com.nbst.model.TypeLevelFour"
		useGeneratedKeys="true" keyProperty="cclxfourName">
		insert into type_level_four
		<trim prefix="(" suffix=")" suffixOverrides=",">
			<if test="cclxfourId != null">
				CCLXFOUR_ID,
			</if>
			<if test="cclxfourName != null">
				CCLXFOUR_NAME,
			</if>
			<if test="cclxfourExtend1 != null">
				CCLXFOUR_EXTEND1,
			</if>
			<if test="cclxfourExtend2 != null">
				CCLXFOUR_EXTEND2,
			</if>
			<if test="cclxfourExtend3 != null">
				CCLXFOUR_EXTEND3,
			</if>
			<if test="cclxfourExtend4 != null">
				CCLXFOUR_EXTEND4,
			</if>
			<if test="cclxfourExtend5 != null">
				CCLXFOUR_EXTEND5,
			</if>
		</trim>
		<trim prefix="values (" suffix=")" suffixOverrides=",">
			<if test="cclxfourId != null">
				#{cclxfourId,jdbcType=INTEGER},
			</if>
			<if test="cclxfourName != null">
				#{cclxfourName,jdbcType=VARCHAR},
			</if>
			<if test="cclxfourExtend1 != null">
				#{cclxfourExtend1,jdbcType=VARCHAR},
			</if>
			<if test="cclxfourExtend2 != null">
				#{cclxfourExtend2,jdbcType=VARCHAR},
			</if>
			<if test="cclxfourExtend3 != null">
				#{cclxfourExtend3,jdbcType=VARCHAR},
			</if>
			<if test="cclxfourExtend4 != null">
				#{cclxfourExtend4,jdbcType=VARCHAR},
			</if>
			<if test="cclxfourExtend5 != null">
				#{cclxfourExtend5,jdbcType=VARCHAR},
			</if>
		</trim>
	</insert>
	<update id="update" parameterType="com.nbst.model.TypeLevelFour">
		update type_level_four
		<set>
			<if test="cclxfourName != null">
				CCLXFOUR_NAME = #{cclxfourName,jdbcType=VARCHAR},
			</if>
			<if test="cclxfourExtend1 != null">
				CCLXFOUR_EXTEND1 = #{cclxfourExtend1,jdbcType=VARCHAR},
			</if>
			<if test="cclxfourExtend2 != null">
				CCLXFOUR_EXTEND2 = #{cclxfourExtend2,jdbcType=VARCHAR},
			</if>
			<if test="cclxfourExtend3 != null">
				CCLXFOUR_EXTEND3 = #{cclxfourExtend3,jdbcType=VARCHAR},
			</if>
			<if test="cclxfourExtend4 != null">
				CCLXFOUR_EXTEND4 = #{cclxfourExtend4,jdbcType=VARCHAR},
			</if>
			<if test="cclxfourExtend5 != null">
				CCLXFOUR_EXTEND5 = #{cclxfourExtend5,jdbcType=VARCHAR},
			</if>
		</set>
		where CCLXFOUR_ID = #{cclxfourId,jdbcType=INTEGER}
	</update>
	<select id="findByCondition" resultMap="BaseResultMap"
		parameterType="map">
		select
		<include refid="Base_Column_List" />
		from type_level_four
		where 1=1
		<if test="cclxfourName != null">
			and CCLXFOUR_NAME = #{cclxfourName,jdbcType=VARCHAR}
		</if>
		<if test="cclxfourExtend1 != null">
			and CCLXFOUR_EXTEND1 = #{cclxfourExtend1,jdbcType=VARCHAR}
		</if>
		<if test="cclxfourExtend2 != null">
			and CCLXFOUR_EXTEND2 = #{cclxfourExtend2,jdbcType=VARCHAR}
		</if>
		<if test="cclxfourExtend3 != null">
			and CCLXFOUR_EXTEND3 = #{cclxfourExtend3,jdbcType=VARCHAR}
		</if>
		<if test="cclxfourExtend4 != null">
			and CCLXFOUR_EXTEND4 = #{cclxfourExtend4,jdbcType=VARCHAR}
		</if>
		<if test="cclxfourExtend5 != null">
			and CCLXFOUR_EXTEND5 = #{cclxfourExtend5,jdbcType=VARCHAR}
		</if>
		<if test="limit!=null and offset!=null">
			limit #{offset,jdbcType=INTEGER},#{limit,jdbcType=INTEGER}
		</if>
	</select>
	<select id="count" resultType="java.lang.Integer"
		parameterType="Map">
		select count(*) from type_level_four
		where 1=1
		<if test="cclxfourName != null">
			and CCLXFOUR_NAME = #{cclxfourName,jdbcType=VARCHAR}
		</if>
		<if test="cclxfourExtend1 != null">
			and CCLXFOUR_EXTEND1 = #{cclxfourExtend1,jdbcType=VARCHAR}
		</if>
		<if test="cclxfourExtend2 != null">
			and CCLXFOUR_EXTEND2 = #{cclxfourExtend2,jdbcType=VARCHAR}
		</if>
		<if test="cclxfourExtend3 != null">
			and CCLXFOUR_EXTEND3 = #{cclxfourExtend3,jdbcType=VARCHAR}
		</if>
		<if test="cclxfourExtend4 != null">
			and CCLXFOUR_EXTEND4 = #{cclxfourExtend4,jdbcType=VARCHAR}
		</if>
		<if test="cclxfourExtend5 != null">
			and CCLXFOUR_EXTEND5 = #{cclxfourExtend5,jdbcType=VARCHAR}
		</if>
	</select>
</mapper>