<?xml version="1.0" encoding="UTF-8" ?>
<!DOCTYPE mapper PUBLIC "-//mybatis.org//DTD Mapper 3.0//EN" "http://mybatis.org/dtd/mybatis-3-mapper.dtd" >
<mapper
	namespace="com.nbst.dao.mapper.ispcweb.TypeLevelNineMapper">
	<resultMap id="BaseResultMap"
		type="com.nbst.model.TypeLevelNine">
		<id column="CCLXNINE_ID" property="cclxnineId" jdbcType="INTEGER" />
		<result column="CCLXNINE_NAME" property="cclxnineName"
			jdbcType="VARCHAR" />
		<result column="CCLXNINE_EXTEND1" property="cclxnineExtend1"
			jdbcType="VARCHAR" />
		<result column="CCLXNINE_EXTEND2" property="cclxnineExtend2"
			jdbcType="VARCHAR" />
		<result column="CCLXNINE_EXTEND3" property="cclxnineExtend3"
			jdbcType="VARCHAR" />
		<result column="CCLXNINE_EXTEND4" property="cclxnineExtend4"
			jdbcType="VARCHAR" />
		<result column="CCLXNINE_EXTEND5" property="cclxnineExtend5"
			jdbcType="VARCHAR" />
	</resultMap>
	<sql id="Base_Column_List">
		CCLXNINE_ID, CCLXNINE_NAME, CCLXNINE_EXTEND1,
		CCLXNINE_EXTEND2, CCLXNINE_EXTEND3,
		CCLXNINE_EXTEND4, CCLXNINE_EXTEND5
	</sql>
	<select id="findById" resultMap="BaseResultMap"
		parameterType="java.lang.Integer">
		select
		<include refid="Base_Column_List" />
		from type_level_nine
		where CCLXNINE_ID = #{cclxnineId,jdbcType=INTEGER}
	</select>
	<delete id="delete" parameterType="java.lang.Integer">
		delete from type_level_nine
		where CCLXNINE_ID = #{cclxnineId,jdbcType=INTEGER}
	</delete>

	<insert id="insert" parameterType="com.nbst.model.TypeLevelNine"
		useGeneratedKeys="true" keyProperty="cclxnineId">
		insert into type_level_nine
		<trim prefix="(" suffix=")" suffixOverrides=",">
			<if test="cclxnineId != null">
				CCLXNINE_ID,
			</if>
			<if test="cclxnineName != null">
				CCLXNINE_NAME,
			</if>
			<if test="cclxnineExtend1 != null">
				CCLXNINE_EXTEND1,
			</if>
			<if test="cclxnineExtend2 != null">
				CCLXNINE_EXTEND2,
			</if>
			<if test="cclxnineExtend3 != null">
				CCLXNINE_EXTEND3,
			</if>
			<if test="cclxnineExtend4 != null">
				CCLXNINE_EXTEND4,
			</if>
			<if test="cclxnineExtend5 != null">
				CCLXNINE_EXTEND5,
			</if>
		</trim>
		<trim prefix="values (" suffix=")" suffixOverrides=",">
			<if test="cclxnineId != null">
				#{cclxnineId,jdbcType=INTEGER},
			</if>
			<if test="cclxnineName != null">
				#{cclxnineName,jdbcType=VARCHAR},
			</if>
			<if test="cclxnineExtend1 != null">
				#{cclxnineExtend1,jdbcType=VARCHAR},
			</if>
			<if test="cclxnineExtend2 != null">
				#{cclxnineExtend2,jdbcType=VARCHAR},
			</if>
			<if test="cclxnineExtend3 != null">
				#{cclxnineExtend3,jdbcType=VARCHAR},
			</if>
			<if test="cclxnineExtend4 != null">
				#{cclxnineExtend4,jdbcType=VARCHAR},
			</if>
			<if test="cclxnineExtend5 != null">
				#{cclxnineExtend5,jdbcType=VARCHAR},
			</if>
		</trim>
	</insert>
	<update id="update" parameterType="com.nbst.model.TypeLevelNine">
		update type_level_nine
		<set>
			<if test="cclxnineName != null">
				CCLXNINE_NAME = #{cclxnineName,jdbcType=VARCHAR},
			</if>
			<if test="cclxnineExtend1 != null">
				CCLXNINE_EXTEND1 = #{cclxnineExtend1,jdbcType=VARCHAR},
			</if>
			<if test="cclxnineExtend2 != null">
				CCLXNINE_EXTEND2 = #{cclxnineExtend2,jdbcType=VARCHAR},
			</if>
			<if test="cclxnineExtend3 != null">
				CCLXNINE_EXTEND3 = #{cclxnineExtend3,jdbcType=VARCHAR},
			</if>
			<if test="cclxnineExtend4 != null">
				CCLXNINE_EXTEND4 = #{cclxnineExtend4,jdbcType=VARCHAR},
			</if>
			<if test="cclxnineExtend5 != null">
				CCLXNINE_EXTEND5 = #{cclxnineExtend5,jdbcType=VARCHAR},
			</if>
		</set>
		where CCLXNINE_ID = #{cclxnineId,jdbcType=INTEGER}
	</update>
	<select id="findByCondition" resultMap="BaseResultMap"
		parameterType="map">
		select
		<include refid="Base_Column_List" />
		from type_level_nine
		where 1=1
		<if test="cclxnineName != null">
			and CCLXNINE_NAME = #{cclxnineName,jdbcType=VARCHAR}
		</if>
		<if test="cclxnineExtend1 != null">
			and CCLXNINE_EXTEND1 = #{cclxnineExtend1,jdbcType=VARCHAR}
		</if>
		<if test="cclxnineExtend2 != null">
			and CCLXNINE_EXTEND2 = #{cclxnineExtend2,jdbcType=VARCHAR}
		</if>
		<if test="cclxnineExtend3 != null">
			and CCLXNINE_EXTEND3 = #{cclxnineExtend3,jdbcType=VARCHAR}
		</if>
		<if test="cclxnineExtend4 != null">
			and CCLXNINE_EXTEND4 = #{cclxnineExtend4,jdbcType=VARCHAR}
		</if>
		<if test="cclxnineExtend5 != null">
			and CCLXNINE_EXTEND5 = #{cclxnineExtend5,jdbcType=VARCHAR}
		</if>
		<if test="limit!=null and offset!=null">
			limit #{offset,jdbcType=INTEGER},#{limit,jdbcType=INTEGER}
		</if>
		<if test="limit!=null and offset!=null">
			limit #{offset,jdbcType=INTEGER},#{limit,jdbcType=INTEGER}
		</if>
	</select>
	<select id="count" resultType="java.lang.Integer"
		parameterType="Map">
		select count(*) from type_level_nine
		where 1=1
		<if test="cclxnineName != null">
			and CCLXNINE_NAME = #{cclxnineName,jdbcType=VARCHAR}
		</if>
		<if test="cclxnineExtend1 != null">
			and CCLXNINE_EXTEND1 = #{cclxnineExtend1,jdbcType=VARCHAR}
		</if>
		<if test="cclxnineExtend2 != null">
			and CCLXNINE_EXTEND2 = #{cclxnineExtend2,jdbcType=VARCHAR}
		</if>
		<if test="cclxnineExtend3 != null">
			and CCLXNINE_EXTEND3 = #{cclxnineExtend3,jdbcType=VARCHAR}
		</if>
		<if test="cclxnineExtend4 != null">
			and CCLXNINE_EXTEND4 = #{cclxnineExtend4,jdbcType=VARCHAR}
		</if>
		<if test="cclxnineExtend5 != null">
			and CCLXNINE_EXTEND5 = #{cclxnineExtend5,jdbcType=VARCHAR}
		</if>
	</select>
</mapper>