<?xml version="1.0" encoding="UTF-8" ?>
<!DOCTYPE mapper PUBLIC "-//mybatis.org//DTD Mapper 3.0//EN" "http://mybatis.org/dtd/mybatis-3-mapper.dtd" >
<mapper
	namespace="com.nbst.dao.mapper.ispcweb.TypeLevelFiveMapper">
	<resultMap id="BaseResultMap"
		type="com.nbst.model.TypeLevelFive">
		<id column="CCLXFIVE_ID" property="cclxfiveId" jdbcType="INTEGER" />
		<result column="CCLXFIVE_NAME" property="cclxfiveName"
			jdbcType="VARCHAR" />
		<result column="CCLXFIVE_EXTEND1" property="cclxfiveExtend1"
			jdbcType="VARCHAR" />
		<result column="CCLXFIVE_EXTEND2" property="cclxfiveExtend2"
			jdbcType="VARCHAR" />
		<result column="CCLXFIVE_EXTEND3" property="cclxfiveExtend3"
			jdbcType="VARCHAR" />
		<result column="CCLXFIVE_EXTEND4" property="cclxfiveExtend4"
			jdbcType="VARCHAR" />
		<result column="CCLXFIVE_EXTEND5" property="cclxfiveExtend5"
			jdbcType="VARCHAR" />
	</resultMap>
	<sql id="Base_Column_List">
		CCLXFIVE_ID, CCLXFIVE_NAME, CCLXFIVE_EXTEND1,
		CCLXFIVE_EXTEND2, CCLXFIVE_EXTEND3,
		CCLXFIVE_EXTEND4, CCLXFIVE_EXTEND5
	</sql>
	<select id="findById" resultMap="BaseResultMap"
		parameterType="java.lang.Integer">
		select
		<include refid="Base_Column_List" />
		from type_level_five
		where CCLXFIVE_ID = #{cclxfiveId,jdbcType=INTEGER}
	</select>
	<delete id="delete" parameterType="java.lang.Integer">
		delete from type_level_five
		where CCLXFIVE_ID = #{cclxfiveId,jdbcType=INTEGER}
	</delete>

	<insert id="insert" parameterType="com.nbst.model.TypeLevelFive"
		useGeneratedKeys="true" keyProperty="cclxfiveId">
		insert into type_level_five
		<trim prefix="(" suffix=")" suffixOverrides=",">
			<if test="cclxfiveId != null">
				CCLXFIVE_ID,
			</if>
			<if test="cclxfiveName != null">
				CCLXFIVE_NAME,
			</if>
			<if test="cclxfiveExtend1 != null">
				CCLXFIVE_EXTEND1,
			</if>
			<if test="cclxfiveExtend2 != null">
				CCLXFIVE_EXTEND2,
			</if>
			<if test="cclxfiveExtend3 != null">
				CCLXFIVE_EXTEND3,
			</if>
			<if test="cclxfiveExtend4 != null">
				CCLXFIVE_EXTEND4,
			</if>
			<if test="cclxfiveExtend5 != null">
				CCLXFIVE_EXTEND5,
			</if>
		</trim>
		<trim prefix="values (" suffix=")" suffixOverrides=",">
			<if test="cclxfiveId != null">
				#{cclxfiveId,jdbcType=INTEGER},
			</if>
			<if test="cclxfiveName != null">
				#{cclxfiveName,jdbcType=VARCHAR},
			</if>
			<if test="cclxfiveExtend1 != null">
				#{cclxfiveExtend1,jdbcType=VARCHAR},
			</if>
			<if test="cclxfiveExtend2 != null">
				#{cclxfiveExtend2,jdbcType=VARCHAR},
			</if>
			<if test="cclxfiveExtend3 != null">
				#{cclxfiveExtend3,jdbcType=VARCHAR},
			</if>
			<if test="cclxfiveExtend4 != null">
				#{cclxfiveExtend4,jdbcType=VARCHAR},
			</if>
			<if test="cclxfiveExtend5 != null">
				#{cclxfiveExtend5,jdbcType=VARCHAR},
			</if>
		</trim>
	</insert>
	<update id="update" parameterType="com.nbst.model.TypeLevelFive">
		update type_level_five
		<set>
			<if test="cclxfiveName != null">
				CCLXFIVE_NAME = #{cclxfiveName,jdbcType=VARCHAR},
			</if>
			<if test="cclxfiveExtend1 != null">
				CCLXFIVE_EXTEND1 = #{cclxfiveExtend1,jdbcType=VARCHAR},
			</if>
			<if test="cclxfiveExtend2 != null">
				CCLXFIVE_EXTEND2 = #{cclxfiveExtend2,jdbcType=VARCHAR},
			</if>
			<if test="cclxfiveExtend3 != null">
				CCLXFIVE_EXTEND3 = #{cclxfiveExtend3,jdbcType=VARCHAR},
			</if>
			<if test="cclxfiveExtend4 != null">
				CCLXFIVE_EXTEND4 = #{cclxfiveExtend4,jdbcType=VARCHAR},
			</if>
			<if test="cclxfiveExtend5 != null">
				CCLXFIVE_EXTEND5 = #{cclxfiveExtend5,jdbcType=VARCHAR},
			</if>
		</set>
		where CCLXFIVE_ID = #{cclxfiveId,jdbcType=INTEGER}
	</update>
	<select id="findByCondition" resultMap="BaseResultMap"
		parameterType="map">
		select
		<include refid="Base_Column_List" />
		from type_level_five
		where 1=1
		<if test="cclxfiveName != null">
			and CCLXFIVE_NAME = #{cclxfiveName,jdbcType=VARCHAR}
		</if>
		<if test="cclxfiveExtend1 != null">
			and CCLXFIVE_EXTEND1 = #{cclxfiveExtend1,jdbcType=VARCHAR}
		</if>
		<if test="cclxfiveExtend2 != null">
			and CCLXFIVE_EXTEND2 = #{cclxfiveExtend2,jdbcType=VARCHAR}
		</if>
		<if test="cclxfiveExtend3 != null">
			and CCLXFIVE_EXTEND3 = #{cclxfiveExtend3,jdbcType=VARCHAR}
		</if>
		<if test="cclxfiveExtend4 != null">
			and CCLXFIVE_EXTEND4 = #{cclxfiveExtend4,jdbcType=VARCHAR}
		</if>
		<if test="cclxfiveExtend5 != null">
			and CCLXFIVE_EXTEND5 = #{cclxfiveExtend5,jdbcType=VARCHAR}
		</if>
		<if test="limit!=null and offset!=null">
			limit #{offset,jdbcType=INTEGER},#{limit,jdbcType=INTEGER}
		</if>
	</select>
	<select id="count" resultType="java.lang.Integer"
		parameterType="Map">
		select count(*) from type_level_five
		where 1=1
		<if test="cclxfiveName != null">
			and CCLXFIVE_NAME = #{cclxfiveName,jdbcType=VARCHAR}
		</if>
		<if test="cclxfiveExtend1 != null">
			and CCLXFIVE_EXTEND1 = #{cclxfiveExtend1,jdbcType=VARCHAR}
		</if>
		<if test="cclxfiveExtend2 != null">
			and CCLXFIVE_EXTEND2 = #{cclxfiveExtend2,jdbcType=VARCHAR}
		</if>
		<if test="cclxfiveExtend3 != null">
			and CCLXFIVE_EXTEND3 = #{cclxfiveExtend3,jdbcType=VARCHAR}
		</if>
		<if test="cclxfiveExtend4 != null">
			and CCLXFIVE_EXTEND4 = #{cclxfiveExtend4,jdbcType=VARCHAR}
		</if>
		<if test="cclxfiveExtend5 != null">
			and CCLXFIVE_EXTEND5 = #{cclxfiveExtend5,jdbcType=VARCHAR}
		</if>
	</select>
</mapper>